0 ,0 ,36 ,36 ,36
1 ,0 ,35 ,35 ,35
2 ,0 ,36 ,36 ,36
3 ,0 ,36 ,36 ,36
4 ,0 ,36 ,36 ,36
5 ,0 ,36 ,36 ,36
6 ,0 ,37 ,37 ,37
7 ,0 ,36 ,36 ,36
8 ,0 ,37 ,37 ,37
9 ,0 ,35 ,35 ,35
10 ,0 ,37 ,37 ,37
11 ,0 ,36 ,36 ,36
12 ,0 ,37 ,37 ,37
13 ,0 ,36 ,36 ,36
14 ,0 ,36 ,36 ,36
15 ,0 ,37 ,37 ,37
16 ,0 ,36 ,36 ,36
17 ,0 ,36 ,36 ,36
18 ,0 ,36 ,36 ,36
19 ,0 ,36 ,36 ,36
20 ,0 ,36 ,36 ,36
21 ,0 ,36 ,36 ,36
22 ,0 ,36 ,36 ,36
23 ,0 ,36 ,36 ,36
24 ,0 ,36 ,36 ,36
25 ,0 ,36 ,36 ,36
26 ,0 ,36 ,36 ,36
27 ,0 ,36 ,36 ,36
28 ,0 ,36 ,36 ,36
29 ,0 ,36 ,36 ,36
30 ,0 ,36 ,36 ,36
31 ,0 ,36 ,36 ,36
32 ,0 ,35 ,35 ,35
33 ,0 ,36 ,36 ,36
34 ,0 ,37 ,37 ,37
35 ,0 ,36 ,36 ,36
36 ,0 ,36 ,36 ,36
37 ,0 ,36 ,36 ,36
38 ,0 ,37 ,37 ,37
39 ,0 ,36 ,36 ,36
40 ,0 ,36 ,36 ,36
41 ,0 ,37 ,37 ,37
42 ,0 ,37 ,37 ,37
43 ,0 ,37 ,37 ,37
44 ,0 ,36 ,36 ,36
45 ,0 ,36 ,36 ,36
46 ,0 ,37 ,37 ,37
47 ,0 ,36 ,36 ,36
48 ,0 ,36 ,36 ,36
49 ,0 ,37 ,37 ,37
50 ,0 ,37 ,37 ,37
51 ,0 ,36 ,36 ,36
52 ,0 ,37 ,37 ,37
53 ,0 ,35 ,35 ,35
54 ,0 ,37 ,37 ,37
55 ,0 ,37 ,37 ,37
56 ,0 ,38 ,38 ,38
57 ,0 ,37 ,37 ,37
58 ,0 ,34 ,34 ,34
59 ,0 ,29 ,29 ,29
60 ,0 ,26 ,26 ,26
61 ,0 ,27 ,27 ,27
62 ,0 ,29 ,29 ,29
63 ,0 ,52 ,52 ,52
64 ,0 ,64 ,64 ,64
65 ,0 ,64 ,64 ,64
66 ,0 ,64 ,64 ,64
67 ,0 ,64 ,64 ,64
68 ,0 ,63 ,63 ,63
69 ,0 ,62 ,62 ,62
70 ,0 ,58 ,58 ,58
71 ,0 ,41 ,41 ,41
72 ,0 ,36 ,36 ,36
73 ,0 ,37 ,37 ,37
74 ,0 ,37 ,37 ,37
75 ,0 ,37 ,37 ,37
76 ,0 ,37 ,37 ,37
0 ,1 ,36 ,36 ,36
1 ,1 ,36 ,36 ,36
2 ,1 ,36 ,36 ,36
3 ,1 ,36 ,36 ,36
4 ,1 ,36 ,36 ,36
5 ,1 ,36 ,36 ,36
6 ,1 ,35 ,35 ,35
7 ,1 ,37 ,37 ,37
8 ,1 ,36 ,36 ,36
9 ,1 ,36 ,36 ,36
10 ,1 ,36 ,36 ,36
11 ,1 ,35 ,35 ,35
12 ,1 ,36 ,36 ,36
13 ,1 ,36 ,36 ,36
14 ,1 ,36 ,36 ,36
15 ,1 ,36 ,36 ,36
16 ,1 ,36 ,36 ,36
17 ,1 ,36 ,36 ,36
18 ,1 ,36 ,36 ,36
19 ,1 ,36 ,36 ,36
20 ,1 ,36 ,36 ,36
21 ,1 ,36 ,36 ,36
22 ,1 ,36 ,36 ,36
23 ,1 ,36 ,36 ,36
24 ,1 ,36 ,36 ,36
25 ,1 ,36 ,36 ,36
26 ,1 ,36 ,36 ,36
27 ,1 ,36 ,36 ,36
28 ,1 ,36 ,36 ,36
29 ,1 ,36 ,36 ,36
30 ,1 ,36 ,36 ,36
31 ,1 ,36 ,36 ,36
32 ,1 ,37 ,37 ,37
33 ,1 ,36 ,36 ,36
34 ,1 ,36 ,36 ,36
35 ,1 ,36 ,36 ,36
36 ,1 ,36 ,36 ,36
37 ,1 ,36 ,36 ,36
38 ,1 ,36 ,36 ,36
39 ,1 ,36 ,36 ,36
40 ,1 ,37 ,37 ,37
41 ,1 ,36 ,36 ,36
42 ,1 ,36 ,36 ,36
43 ,1 ,37 ,37 ,37
44 ,1 ,36 ,36 ,36
45 ,1 ,36 ,36 ,36
46 ,1 ,36 ,36 ,36
47 ,1 ,37 ,37 ,37
48 ,1 ,37 ,37 ,37
49 ,1 ,37 ,37 ,37
50 ,1 ,36 ,36 ,36
51 ,1 ,37 ,37 ,37
52 ,1 ,36 ,36 ,36
53 ,1 ,36 ,36 ,36
54 ,1 ,36 ,36 ,36
55 ,1 ,36 ,36 ,36
56 ,1 ,36 ,36 ,36
57 ,1 ,36 ,36 ,36
58 ,1 ,34 ,34 ,34
59 ,1 ,30 ,30 ,30
60 ,1 ,27 ,27 ,27
61 ,1 ,27 ,27 ,27
62 ,1 ,29 ,29 ,29
63 ,1 ,52 ,52 ,52
64 ,1 ,64 ,64 ,64
65 ,1 ,64 ,64 ,64
66 ,1 ,65 ,65 ,65
67 ,1 ,62 ,62 ,62
68 ,1 ,62 ,62 ,62
69 ,1 ,61 ,61 ,61
70 ,1 ,58 ,58 ,58
71 ,1 ,41 ,41 ,41
72 ,1 ,36 ,36 ,36
73 ,1 ,37 ,37 ,37
74 ,1 ,37 ,37 ,37
75 ,1 ,36 ,36 ,36
76 ,1 ,37 ,37 ,37
0 ,2 ,36 ,36 ,36
1 ,2 ,36 ,36 ,36
2 ,2 ,36 ,36 ,36
3 ,2 ,36 ,36 ,36
4 ,2 ,37 ,37 ,37
5 ,2 ,36 ,36 ,36
6 ,2 ,36 ,36 ,36
7 ,2 ,36 ,36 ,36
8 ,2 ,36 ,36 ,36
9 ,2 ,36 ,36 ,36
10 ,2 ,36 ,36 ,36
11 ,2 ,36 ,36 ,36
12 ,2 ,36 ,36 ,36
13 ,2 ,36 ,36 ,36
14 ,2 ,36 ,36 ,36
15 ,2 ,36 ,36 ,36
16 ,2 ,36 ,36 ,36
17 ,2 ,36 ,36 ,36
18 ,2 ,36 ,36 ,36
19 ,2 ,36 ,36 ,36
20 ,2 ,36 ,36 ,36
21 ,2 ,36 ,36 ,36
22 ,2 ,35 ,35 ,35
23 ,2 ,36 ,36 ,36
24 ,2 ,36 ,36 ,36
25 ,2 ,36 ,36 ,36
26 ,2 ,36 ,36 ,36
27 ,2 ,36 ,36 ,36
28 ,2 ,35 ,35 ,35
29 ,2 ,36 ,36 ,36
30 ,2 ,36 ,36 ,36
31 ,2 ,37 ,37 ,37
32 ,2 ,36 ,36 ,36
33 ,2 ,36 ,36 ,36
34 ,2 ,36 ,36 ,36
35 ,2 ,36 ,36 ,36
36 ,2 ,37 ,37 ,37
37 ,2 ,37 ,37 ,37
38 ,2 ,36 ,36 ,36
39 ,2 ,36 ,36 ,36
40 ,2 ,36 ,36 ,36
41 ,2 ,36 ,36 ,36
42 ,2 ,36 ,36 ,36
43 ,2 ,37 ,37 ,37
44 ,2 ,36 ,36 ,36
45 ,2 ,36 ,36 ,36
46 ,2 ,37 ,37 ,37
47 ,2 ,37 ,37 ,37
48 ,2 ,37 ,37 ,37
49 ,2 ,36 ,36 ,36
50 ,2 ,36 ,36 ,36
51 ,2 ,36 ,36 ,36
52 ,2 ,36 ,36 ,36
53 ,2 ,36 ,36 ,36
54 ,2 ,36 ,36 ,36
55 ,2 ,37 ,37 ,37
56 ,2 ,36 ,36 ,36
57 ,2 ,36 ,36 ,36
58 ,2 ,34 ,34 ,34
59 ,2 ,29 ,29 ,29
60 ,2 ,27 ,27 ,27
61 ,2 ,26 ,26 ,26
62 ,2 ,28 ,28 ,28
63 ,2 ,52 ,52 ,52
64 ,2 ,63 ,63 ,63
65 ,2 ,66 ,66 ,66
66 ,2 ,67 ,67 ,67
67 ,2 ,63 ,63 ,63
68 ,2 ,63 ,63 ,63
69 ,2 ,63 ,63 ,63
70 ,2 ,58 ,58 ,58
71 ,2 ,40 ,40 ,40
72 ,2 ,36 ,36 ,36
73 ,2 ,36 ,36 ,36
74 ,2 ,37 ,37 ,37
75 ,2 ,36 ,36 ,36
76 ,2 ,37 ,37 ,37
0 ,3 ,37 ,37 ,37
1 ,3 ,36 ,36 ,36
2 ,3 ,36 ,36 ,36
3 ,3 ,36 ,36 ,36
4 ,3 ,36 ,36 ,36
5 ,3 ,36 ,36 ,36
6 ,3 ,36 ,36 ,36
7 ,3 ,36 ,36 ,36
8 ,3 ,36 ,36 ,36
9 ,3 ,36 ,36 ,36
10 ,3 ,36 ,36 ,36
11 ,3 ,36 ,36 ,36
12 ,3 ,36 ,36 ,36
13 ,3 ,36 ,36 ,36
14 ,3 ,36 ,36 ,36
15 ,3 ,36 ,36 ,36
16 ,3 ,36 ,36 ,36
17 ,3 ,36 ,36 ,36
18 ,3 ,36 ,36 ,36
19 ,3 ,36 ,36 ,36
20 ,3 ,36 ,36 ,36
21 ,3 ,36 ,36 ,36
22 ,3 ,35 ,35 ,35
23 ,3 ,36 ,36 ,36
24 ,3 ,36 ,36 ,36
25 ,3 ,36 ,36 ,36
26 ,3 ,36 ,36 ,36
27 ,3 ,35 ,35 ,35
28 ,3 ,36 ,36 ,36
29 ,3 ,36 ,36 ,36
30 ,3 ,37 ,37 ,37
31 ,3 ,36 ,36 ,36
32 ,3 ,37 ,37 ,37
33 ,3 ,36 ,36 ,36
34 ,3 ,36 ,36 ,36
35 ,3 ,36 ,36 ,36
36 ,3 ,37 ,37 ,37
37 ,3 ,36 ,36 ,36
38 ,3 ,36 ,36 ,36
39 ,3 ,36 ,36 ,36
40 ,3 ,37 ,37 ,37
41 ,3 ,36 ,36 ,36
42 ,3 ,36 ,36 ,36
43 ,3 ,37 ,37 ,37
44 ,3 ,37 ,37 ,37
45 ,3 ,36 ,36 ,36
46 ,3 ,36 ,36 ,36
47 ,3 ,37 ,37 ,37
48 ,3 ,37 ,37 ,37
49 ,3 ,37 ,37 ,37
50 ,3 ,37 ,37 ,37
51 ,3 ,36 ,36 ,36
52 ,3 ,37 ,37 ,37
53 ,3 ,37 ,37 ,37
54 ,3 ,37 ,37 ,37
55 ,3 ,36 ,36 ,36
56 ,3 ,36 ,36 ,36
57 ,3 ,36 ,36 ,36
58 ,3 ,34 ,34 ,34
59 ,3 ,29 ,29 ,29
60 ,3 ,26 ,26 ,26
61 ,3 ,27 ,27 ,27
62 ,3 ,29 ,29 ,29
63 ,3 ,52 ,52 ,52
64 ,3 ,61 ,61 ,61
65 ,3 ,61 ,61 ,61
66 ,3 ,58 ,58 ,58
67 ,3 ,59 ,59 ,59
68 ,3 ,61 ,61 ,61
69 ,3 ,60 ,60 ,60
70 ,3 ,58 ,58 ,58
71 ,3 ,40 ,40 ,40
72 ,3 ,36 ,36 ,36
73 ,3 ,37 ,37 ,37
74 ,3 ,36 ,36 ,36
75 ,3 ,37 ,37 ,37
76 ,3 ,37 ,37 ,37
0 ,4 ,36 ,36 ,36
1 ,4 ,36 ,36 ,36
2 ,4 ,36 ,36 ,36
3 ,4 ,36 ,36 ,36
4 ,4 ,37 ,37 ,37
5 ,4 ,36 ,36 ,36
6 ,4 ,36 ,36 ,36
7 ,4 ,36 ,36 ,36
8 ,4 ,36 ,36 ,36
9 ,4 ,36 ,36 ,36
10 ,4 ,36 ,36 ,36
11 ,4 ,36 ,36 ,36
12 ,4 ,36 ,36 ,36
13 ,4 ,36 ,36 ,36
14 ,4 ,36 ,36 ,36
15 ,4 ,36 ,36 ,36
16 ,4 ,36 ,36 ,36
17 ,4 ,36 ,36 ,36
18 ,4 ,37 ,37 ,37
19 ,4 ,36 ,36 ,36
20 ,4 ,35 ,35 ,35
21 ,4 ,36 ,36 ,36
22 ,4 ,35 ,35 ,35
23 ,4 ,35 ,35 ,35
24 ,4 ,36 ,36 ,36
25 ,4 ,35 ,35 ,35
26 ,4 ,36 ,36 ,36
27 ,4 ,34 ,34 ,34
28 ,4 ,34 ,34 ,34
29 ,4 ,35 ,35 ,35
30 ,4 ,35 ,35 ,35
31 ,4 ,36 ,36 ,36
32 ,4 ,36 ,36 ,36
33 ,4 ,37 ,37 ,37
34 ,4 ,36 ,36 ,36
35 ,4 ,36 ,36 ,36
36 ,4 ,36 ,36 ,36
37 ,4 ,36 ,36 ,36
38 ,4 ,36 ,36 ,36
39 ,4 ,37 ,37 ,37
40 ,4 ,36 ,36 ,36
41 ,4 ,36 ,36 ,36
42 ,4 ,37 ,37 ,37
43 ,4 ,37 ,37 ,37
44 ,4 ,36 ,36 ,36
45 ,4 ,37 ,37 ,37
46 ,4 ,36 ,36 ,36
47 ,4 ,37 ,37 ,37
48 ,4 ,36 ,36 ,36
49 ,4 ,36 ,36 ,36
50 ,4 ,37 ,37 ,37
51 ,4 ,36 ,36 ,36
52 ,4 ,36 ,36 ,36
53 ,4 ,37 ,37 ,37
54 ,4 ,36 ,36 ,36
55 ,4 ,37 ,37 ,37
56 ,4 ,37 ,37 ,37
57 ,4 ,36 ,36 ,36
58 ,4 ,34 ,34 ,34
59 ,4 ,29 ,29 ,29
60 ,4 ,26 ,26 ,26
61 ,4 ,27 ,27 ,27
62 ,4 ,29 ,29 ,29
63 ,4 ,53 ,53 ,53
64 ,4 ,61 ,61 ,61
65 ,4 ,59 ,59 ,59
66 ,4 ,53 ,53 ,53
67 ,4 ,58 ,58 ,58
68 ,4 ,61 ,61 ,61
69 ,4 ,58 ,58 ,58
70 ,4 ,58 ,58 ,58
71 ,4 ,39 ,39 ,39
72 ,4 ,37 ,37 ,37
73 ,4 ,36 ,36 ,36
74 ,4 ,37 ,37 ,37
75 ,4 ,37 ,37 ,37
76 ,4 ,37 ,37 ,37
0 ,5 ,36 ,36 ,36
1 ,5 ,36 ,36 ,36
2 ,5 ,35 ,35 ,35
3 ,5 ,36 ,36 ,36
4 ,5 ,36 ,36 ,36
5 ,5 ,36 ,36 ,36
6 ,5 ,37 ,37 ,37
7 ,5 ,36 ,36 ,36
8 ,5 ,36 ,36 ,36
9 ,5 ,36 ,36 ,36
10 ,5 ,36 ,36 ,36
11 ,5 ,36 ,36 ,36
12 ,5 ,36 ,36 ,36
13 ,5 ,37 ,37 ,37
14 ,5 ,36 ,36 ,36
15 ,5 ,36 ,36 ,36
16 ,5 ,36 ,36 ,36
17 ,5 ,36 ,36 ,36
18 ,5 ,35 ,35 ,35
19 ,5 ,35 ,35 ,35
20 ,5 ,32 ,32 ,32
21 ,5 ,31 ,31 ,31
22 ,5 ,30 ,30 ,30
23 ,5 ,31 ,31 ,31
24 ,5 ,33 ,33 ,33
25 ,5 ,34 ,34 ,34
26 ,5 ,33 ,33 ,33
27 ,5 ,47 ,47 ,47
28 ,5 ,57 ,57 ,57
29 ,5 ,58 ,58 ,58
30 ,5 ,49 ,49 ,49
31 ,5 ,33 ,33 ,33
32 ,5 ,36 ,36 ,36
33 ,5 ,37 ,37 ,37
34 ,5 ,37 ,37 ,37
35 ,5 ,35 ,35 ,35
36 ,5 ,36 ,36 ,36
37 ,5 ,36 ,36 ,36
38 ,5 ,36 ,36 ,36
39 ,5 ,36 ,36 ,36
40 ,5 ,36 ,36 ,36
41 ,5 ,37 ,37 ,37
42 ,5 ,37 ,37 ,37
43 ,5 ,37 ,37 ,37
44 ,5 ,37 ,37 ,37
45 ,5 ,36 ,36 ,36
46 ,5 ,37 ,37 ,37
47 ,5 ,37 ,37 ,37
48 ,5 ,37 ,37 ,37
49 ,5 ,36 ,36 ,36
50 ,5 ,37 ,37 ,37
51 ,5 ,37 ,37 ,37
52 ,5 ,37 ,37 ,37
53 ,5 ,37 ,37 ,37
54 ,5 ,37 ,37 ,37
55 ,5 ,37 ,37 ,37
56 ,5 ,36 ,36 ,36
57 ,5 ,37 ,37 ,37
58 ,5 ,34 ,34 ,34
59 ,5 ,28 ,28 ,28
60 ,5 ,26 ,26 ,26
61 ,5 ,27 ,27 ,27
62 ,5 ,29 ,29 ,29
63 ,5 ,53 ,53 ,53
64 ,5 ,61 ,61 ,61
65 ,5 ,60 ,60 ,60
66 ,5 ,53 ,53 ,53
67 ,5 ,52 ,52 ,52
68 ,5 ,59 ,59 ,59
69 ,5 ,57 ,57 ,57
70 ,5 ,57 ,57 ,57
71 ,5 ,39 ,39 ,39
72 ,5 ,37 ,37 ,37
73 ,5 ,37 ,37 ,37
74 ,5 ,36 ,36 ,36
75 ,5 ,36 ,36 ,36
76 ,5 ,37 ,37 ,37
0 ,6 ,36 ,36 ,36
1 ,6 ,36 ,36 ,36
2 ,6 ,36 ,36 ,36
3 ,6 ,36 ,36 ,36
4 ,6 ,37 ,37 ,37
5 ,6 ,36 ,36 ,36
6 ,6 ,36 ,36 ,36
7 ,6 ,35 ,35 ,35
8 ,6 ,36 ,36 ,36
9 ,6 ,36 ,36 ,36
10 ,6 ,36 ,36 ,36
11 ,6 ,36 ,36 ,36
12 ,6 ,36 ,36 ,36
13 ,6 ,36 ,36 ,36
14 ,6 ,36 ,36 ,36
15 ,6 ,36 ,36 ,36
16 ,6 ,35 ,35 ,35
17 ,6 ,36 ,36 ,36
18 ,6 ,36 ,36 ,36
19 ,6 ,34 ,34 ,34
20 ,6 ,31 ,31 ,31
21 ,6 ,29 ,29 ,29
22 ,6 ,27 ,27 ,27
23 ,6 ,27 ,27 ,27
24 ,6 ,27 ,27 ,27
25 ,6 ,28 ,28 ,28
26 ,6 ,28 ,28 ,28
27 ,6 ,41 ,41 ,41
28 ,6 ,50 ,50 ,50
29 ,6 ,56 ,56 ,56
30 ,6 ,47 ,47 ,47
31 ,6 ,31 ,31 ,31
32 ,6 ,33 ,33 ,33
33 ,6 ,35 ,35 ,35
34 ,6 ,35 ,35 ,35
35 ,6 ,36 ,36 ,36
36 ,6 ,36 ,36 ,36
37 ,6 ,36 ,36 ,36
38 ,6 ,36 ,36 ,36
39 ,6 ,36 ,36 ,36
40 ,6 ,36 ,36 ,36
41 ,6 ,36 ,36 ,36
42 ,6 ,37 ,37 ,37
43 ,6 ,37 ,37 ,37
44 ,6 ,37 ,37 ,37
45 ,6 ,37 ,37 ,37
46 ,6 ,37 ,37 ,37
47 ,6 ,37 ,37 ,37
48 ,6 ,36 ,36 ,36
49 ,6 ,36 ,36 ,36
50 ,6 ,37 ,37 ,37
51 ,6 ,37 ,37 ,37
52 ,6 ,37 ,37 ,37
53 ,6 ,36 ,36 ,36
54 ,6 ,36 ,36 ,36
55 ,6 ,36 ,36 ,36
56 ,6 ,37 ,37 ,37
57 ,6 ,36 ,36 ,36
58 ,6 ,34 ,34 ,34
59 ,6 ,28 ,28 ,28
60 ,6 ,26 ,26 ,26
61 ,6 ,27 ,27 ,27
62 ,6 ,29 ,29 ,29
63 ,6 ,54 ,54 ,54
64 ,6 ,60 ,60 ,60
65 ,6 ,60 ,60 ,60
66 ,6 ,53 ,53 ,53
67 ,6 ,49 ,49 ,49
68 ,6 ,60 ,60 ,60
69 ,6 ,54 ,54 ,54
70 ,6 ,57 ,57 ,57
71 ,6 ,39 ,39 ,39
72 ,6 ,36 ,36 ,36
73 ,6 ,37 ,37 ,37
74 ,6 ,37 ,37 ,37
75 ,6 ,37 ,37 ,37
76 ,6 ,37 ,37 ,37
0 ,7 ,36 ,36 ,36
1 ,7 ,36 ,36 ,36
2 ,7 ,36 ,36 ,36
3 ,7 ,36 ,36 ,36
4 ,7 ,37 ,37 ,37
5 ,7 ,37 ,37 ,37
6 ,7 ,37 ,37 ,37
7 ,7 ,37 ,37 ,37
8 ,7 ,36 ,36 ,36
9 ,7 ,36 ,36 ,36
10 ,7 ,36 ,36 ,36
11 ,7 ,36 ,36 ,36
12 ,7 ,36 ,36 ,36
13 ,7 ,37 ,37 ,37
14 ,7 ,37 ,37 ,37
15 ,7 ,36 ,36 ,36
16 ,7 ,36 ,36 ,36
17 ,7 ,36 ,36 ,36
18 ,7 ,36 ,36 ,36
19 ,7 ,33 ,33 ,33
20 ,7 ,31 ,31 ,31
21 ,7 ,27 ,27 ,27
22 ,7 ,27 ,27 ,27
23 ,7 ,27 ,27 ,27
24 ,7 ,26 ,26 ,26
25 ,7 ,26 ,26 ,26
26 ,7 ,30 ,30 ,30
27 ,7 ,44 ,44 ,44
28 ,7 ,52 ,52 ,52
29 ,7 ,59 ,59 ,59
30 ,7 ,42 ,42 ,42
31 ,7 ,28 ,28 ,28
32 ,7 ,31 ,31 ,31
33 ,7 ,36 ,36 ,36
34 ,7 ,36 ,36 ,36
35 ,7 ,36 ,36 ,36
36 ,7 ,36 ,36 ,36
37 ,7 ,37 ,37 ,37
38 ,7 ,36 ,36 ,36
39 ,7 ,36 ,36 ,36
40 ,7 ,37 ,37 ,37
41 ,7 ,36 ,36 ,36
42 ,7 ,36 ,36 ,36
43 ,7 ,37 ,37 ,37
44 ,7 ,37 ,37 ,37
45 ,7 ,37 ,37 ,37
46 ,7 ,37 ,37 ,37
47 ,7 ,36 ,36 ,36
48 ,7 ,37 ,37 ,37
49 ,7 ,37 ,37 ,37
50 ,7 ,37 ,37 ,37
51 ,7 ,36 ,36 ,36
52 ,7 ,37 ,37 ,37
53 ,7 ,37 ,37 ,37
54 ,7 ,37 ,37 ,37
55 ,7 ,37 ,37 ,37
56 ,7 ,37 ,37 ,37
57 ,7 ,36 ,36 ,36
58 ,7 ,33 ,33 ,33
59 ,7 ,29 ,29 ,29
60 ,7 ,26 ,26 ,26
61 ,7 ,27 ,27 ,27
62 ,7 ,30 ,30 ,30
63 ,7 ,55 ,55 ,55
64 ,7 ,60 ,60 ,60
65 ,7 ,59 ,59 ,59
66 ,7 ,53 ,53 ,53
67 ,7 ,47 ,47 ,47
68 ,7 ,56 ,56 ,56
69 ,7 ,51 ,51 ,51
70 ,7 ,58 ,58 ,58
71 ,7 ,38 ,38 ,38
72 ,7 ,36 ,36 ,36
73 ,7 ,37 ,37 ,37
74 ,7 ,37 ,37 ,37
75 ,7 ,37 ,37 ,37
76 ,7 ,36 ,36 ,36
0 ,8 ,37 ,37 ,37
1 ,8 ,36 ,36 ,36
2 ,8 ,37 ,37 ,37
3 ,8 ,36 ,36 ,36
4 ,8 ,37 ,37 ,37
5 ,8 ,37 ,37 ,37
6 ,8 ,36 ,36 ,36
7 ,8 ,36 ,36 ,36
8 ,8 ,36 ,36 ,36
9 ,8 ,37 ,37 ,37
10 ,8 ,37 ,37 ,37
11 ,8 ,36 ,36 ,36
12 ,8 ,36 ,36 ,36
13 ,8 ,36 ,36 ,36
14 ,8 ,36 ,36 ,36
15 ,8 ,37 ,37 ,37
16 ,8 ,37 ,37 ,37
17 ,8 ,36 ,36 ,36
18 ,8 ,36 ,36 ,36
19 ,8 ,33 ,33 ,33
20 ,8 ,30 ,30 ,30
21 ,8 ,27 ,27 ,27
22 ,8 ,26 ,26 ,26
23 ,8 ,26 ,26 ,26
24 ,8 ,26 ,26 ,26
25 ,8 ,27 ,27 ,27
26 ,8 ,34 ,34 ,34
27 ,8 ,47 ,47 ,47
28 ,8 ,62 ,62 ,62
29 ,8 ,72 ,72 ,72
30 ,8 ,40 ,40 ,40
31 ,8 ,28 ,28 ,28
32 ,8 ,29 ,29 ,29
33 ,8 ,35 ,35 ,35
34 ,8 ,36 ,36 ,36
35 ,8 ,36 ,36 ,36
36 ,8 ,37 ,37 ,37
37 ,8 ,36 ,36 ,36
38 ,8 ,36 ,36 ,36
39 ,8 ,37 ,37 ,37
40 ,8 ,36 ,36 ,36
41 ,8 ,36 ,36 ,36
42 ,8 ,37 ,37 ,37
43 ,8 ,37 ,37 ,37
44 ,8 ,37 ,37 ,37
45 ,8 ,36 ,36 ,36
46 ,8 ,37 ,37 ,37
47 ,8 ,37 ,37 ,37
48 ,8 ,37 ,37 ,37
49 ,8 ,36 ,36 ,36
50 ,8 ,37 ,37 ,37
51 ,8 ,37 ,37 ,37
52 ,8 ,36 ,36 ,36
53 ,8 ,36 ,36 ,36
54 ,8 ,37 ,37 ,37
55 ,8 ,36 ,36 ,36
56 ,8 ,36 ,36 ,36
57 ,8 ,36 ,36 ,36
58 ,8 ,33 ,33 ,33
59 ,8 ,29 ,29 ,29
60 ,8 ,27 ,27 ,27
61 ,8 ,27 ,27 ,27
62 ,8 ,31 ,31 ,31
63 ,8 ,55 ,55 ,55
64 ,8 ,59 ,59 ,59
65 ,8 ,59 ,59 ,59
66 ,8 ,53 ,53 ,53
67 ,8 ,44 ,44 ,44
68 ,8 ,51 ,51 ,51
69 ,8 ,51 ,51 ,51
70 ,8 ,57 ,57 ,57
71 ,8 ,38 ,38 ,38
72 ,8 ,37 ,37 ,37
73 ,8 ,37 ,37 ,37
74 ,8 ,37 ,37 ,37
75 ,8 ,37 ,37 ,37
76 ,8 ,36 ,36 ,36
0 ,9 ,37 ,37 ,37
1 ,9 ,37 ,37 ,37
2 ,9 ,36 ,36 ,36
3 ,9 ,37 ,37 ,37
4 ,9 ,36 ,36 ,36
5 ,9 ,37 ,37 ,37
6 ,9 ,36 ,36 ,36
7 ,9 ,37 ,37 ,37
8 ,9 ,36 ,36 ,36
9 ,9 ,36 ,36 ,36
10 ,9 ,36 ,36 ,36
11 ,9 ,36 ,36 ,36
12 ,9 ,36 ,36 ,36
13 ,9 ,37 ,37 ,37
14 ,9 ,37 ,37 ,37
15 ,9 ,37 ,37 ,37
16 ,9 ,36 ,36 ,36
17 ,9 ,36 ,36 ,36
18 ,9 ,35 ,35 ,35
19 ,9 ,32 ,32 ,32
20 ,9 ,29 ,29 ,29
21 ,9 ,26 ,26 ,26
22 ,9 ,26 ,26 ,26
23 ,9 ,26 ,26 ,26
24 ,9 ,26 ,26 ,26
25 ,9 ,27 ,27 ,27
26 ,9 ,38 ,38 ,38
27 ,9 ,51 ,51 ,51
28 ,9 ,66 ,66 ,66
29 ,9 ,71 ,71 ,71
30 ,9 ,35 ,35 ,35
31 ,9 ,28 ,28 ,28
32 ,9 ,29 ,29 ,29
33 ,9 ,34 ,34 ,34
34 ,9 ,36 ,36 ,36
35 ,9 ,36 ,36 ,36
36 ,9 ,35 ,35 ,35
37 ,9 ,36 ,36 ,36
38 ,9 ,36 ,36 ,36
39 ,9 ,36 ,36 ,36
40 ,9 ,36 ,36 ,36
41 ,9 ,37 ,37 ,37
42 ,9 ,35 ,35 ,35
43 ,9 ,35 ,35 ,35
44 ,9 ,36 ,36 ,36
45 ,9 ,37 ,37 ,37
46 ,9 ,37 ,37 ,37
47 ,9 ,37 ,37 ,37
48 ,9 ,37 ,37 ,37
49 ,9 ,37 ,37 ,37
50 ,9 ,37 ,37 ,37
51 ,9 ,37 ,37 ,37
52 ,9 ,37 ,37 ,37
53 ,9 ,37 ,37 ,37
54 ,9 ,37 ,37 ,37
55 ,9 ,37 ,37 ,37
56 ,9 ,36 ,36 ,36
57 ,9 ,36 ,36 ,36
58 ,9 ,33 ,33 ,33
59 ,9 ,28 ,28 ,28
60 ,9 ,26 ,26 ,26
61 ,9 ,27 ,27 ,27
62 ,9 ,31 ,31 ,31
63 ,9 ,56 ,56 ,56
64 ,9 ,59 ,59 ,59
65 ,9 ,60 ,60 ,60
66 ,9 ,53 ,53 ,53
67 ,9 ,43 ,43 ,43
68 ,9 ,46 ,46 ,46
69 ,9 ,55 ,55 ,55
70 ,9 ,58 ,58 ,58
71 ,9 ,38 ,38 ,38
72 ,9 ,37 ,37 ,37
73 ,9 ,36 ,36 ,36
74 ,9 ,36 ,36 ,36
75 ,9 ,36 ,36 ,36
76 ,9 ,37 ,37 ,37
0 ,10 ,36 ,36 ,36
1 ,10 ,36 ,36 ,36
2 ,10 ,36 ,36 ,36
3 ,10 ,36 ,36 ,36
4 ,10 ,36 ,36 ,36
5 ,10 ,35 ,35 ,35
6 ,10 ,37 ,37 ,37
7 ,10 ,36 ,36 ,36
8 ,10 ,36 ,36 ,36
9 ,10 ,36 ,36 ,36
10 ,10 ,36 ,36 ,36
11 ,10 ,36 ,36 ,36
12 ,10 ,36 ,36 ,36
13 ,10 ,36 ,36 ,36
14 ,10 ,36 ,36 ,36
15 ,10 ,37 ,37 ,37
16 ,10 ,36 ,36 ,36
17 ,10 ,36 ,36 ,36
18 ,10 ,35 ,35 ,35
19 ,10 ,31 ,31 ,31
20 ,10 ,29 ,29 ,29
21 ,10 ,26 ,26 ,26
22 ,10 ,26 ,26 ,26
23 ,10 ,26 ,26 ,26
24 ,10 ,26 ,26 ,26
25 ,10 ,28 ,28 ,28
26 ,10 ,44 ,44 ,44
27 ,10 ,56 ,56 ,56
28 ,10 ,69 ,69 ,69
29 ,10 ,63 ,63 ,63
30 ,10 ,31 ,31 ,31
31 ,10 ,28 ,28 ,28
32 ,10 ,28 ,28 ,28
33 ,10 ,33 ,33 ,33
34 ,10 ,34 ,34 ,34
35 ,10 ,34 ,34 ,34
36 ,10 ,31 ,31 ,31
37 ,10 ,30 ,30 ,30
38 ,10 ,31 ,31 ,31
39 ,10 ,33 ,33 ,33
40 ,10 ,33 ,33 ,33
41 ,10 ,31 ,31 ,31
42 ,10 ,40 ,40 ,40
43 ,10 ,43 ,43 ,43
44 ,10 ,34 ,34 ,34
45 ,10 ,37 ,37 ,37
46 ,10 ,37 ,37 ,37
47 ,10 ,38 ,38 ,38
48 ,10 ,37 ,37 ,37
49 ,10 ,37 ,37 ,37
50 ,10 ,37 ,37 ,37
51 ,10 ,37 ,37 ,37
52 ,10 ,37 ,37 ,37
53 ,10 ,37 ,37 ,37
54 ,10 ,37 ,37 ,37
55 ,10 ,37 ,37 ,37
56 ,10 ,36 ,36 ,36
57 ,10 ,36 ,36 ,36
58 ,10 ,33 ,33 ,33
59 ,10 ,28 ,28 ,28
60 ,10 ,27 ,27 ,27
61 ,10 ,26 ,26 ,26
62 ,10 ,30 ,30 ,30
63 ,10 ,55 ,55 ,55
64 ,10 ,59 ,59 ,59
65 ,10 ,60 ,60 ,60
66 ,10 ,52 ,52 ,52
67 ,10 ,42 ,42 ,42
68 ,10 ,47 ,47 ,47
69 ,10 ,58 ,58 ,58
70 ,10 ,56 ,56 ,56
71 ,10 ,38 ,38 ,38
72 ,10 ,37 ,37 ,37
73 ,10 ,36 ,36 ,36
74 ,10 ,37 ,37 ,37
75 ,10 ,36 ,36 ,36
76 ,10 ,37 ,37 ,37
0 ,11 ,37 ,37 ,37
1 ,11 ,36 ,36 ,36
2 ,11 ,36 ,36 ,36
3 ,11 ,36 ,36 ,36
4 ,11 ,37 ,37 ,37
5 ,11 ,37 ,37 ,37
6 ,11 ,36 ,36 ,36
7 ,11 ,36 ,36 ,36
8 ,11 ,36 ,36 ,36
9 ,11 ,36 ,36 ,36
10 ,11 ,36 ,36 ,36
11 ,11 ,36 ,36 ,36
12 ,11 ,36 ,36 ,36
13 ,11 ,36 ,36 ,36
14 ,11 ,36 ,36 ,36
15 ,11 ,36 ,36 ,36
16 ,11 ,36 ,36 ,36
17 ,11 ,36 ,36 ,36
18 ,11 ,34 ,34 ,34
19 ,11 ,31 ,31 ,31
20 ,11 ,28 ,28 ,28
21 ,11 ,26 ,26 ,26
22 ,11 ,26 ,26 ,26
23 ,11 ,26 ,26 ,26
24 ,11 ,26 ,26 ,26
25 ,11 ,31 ,31 ,31
26 ,11 ,50 ,50 ,50
27 ,11 ,62 ,62 ,62
28 ,11 ,65 ,65 ,65
29 ,11 ,52 ,52 ,52
30 ,11 ,29 ,29 ,29
31 ,11 ,29 ,29 ,29
32 ,11 ,29 ,29 ,29
33 ,11 ,30 ,30 ,30
34 ,11 ,29 ,29 ,29
35 ,11 ,28 ,28 ,28
36 ,11 ,27 ,27 ,27
37 ,11 ,27 ,27 ,27
38 ,11 ,28 ,28 ,28
39 ,11 ,29 ,29 ,29
40 ,11 ,33 ,33 ,33
41 ,11 ,41 ,41 ,41
42 ,11 ,70 ,70 ,70
43 ,11 ,77 ,77 ,77
44 ,11 ,42 ,42 ,42
45 ,11 ,36 ,36 ,36
46 ,11 ,37 ,37 ,37
47 ,11 ,36 ,36 ,36
48 ,11 ,37 ,37 ,37
49 ,11 ,37 ,37 ,37
50 ,11 ,36 ,36 ,36
51 ,11 ,36 ,36 ,36
52 ,11 ,37 ,37 ,37
53 ,11 ,37 ,37 ,37
54 ,11 ,37 ,37 ,37
55 ,11 ,37 ,37 ,37
56 ,11 ,36 ,36 ,36
57 ,11 ,36 ,36 ,36
58 ,11 ,33 ,33 ,33
59 ,11 ,28 ,28 ,28
60 ,11 ,27 ,27 ,27
61 ,11 ,27 ,27 ,27
62 ,11 ,31 ,31 ,31
63 ,11 ,57 ,57 ,57
64 ,11 ,61 ,61 ,61
65 ,11 ,60 ,60 ,60
66 ,11 ,53 ,53 ,53
67 ,11 ,44 ,44 ,44
68 ,11 ,46 ,46 ,46
69 ,11 ,55 ,55 ,55
70 ,11 ,57 ,57 ,57
71 ,11 ,38 ,38 ,38
72 ,11 ,37 ,37 ,37
73 ,11 ,37 ,37 ,37
74 ,11 ,37 ,37 ,37
75 ,11 ,37 ,37 ,37
76 ,11 ,37 ,37 ,37
0 ,12 ,37 ,37 ,37
1 ,12 ,37 ,37 ,37
2 ,12 ,36 ,36 ,36
3 ,12 ,36 ,36 ,36
4 ,12 ,36 ,36 ,36
5 ,12 ,36 ,36 ,36
6 ,12 ,37 ,37 ,37
7 ,12 ,36 ,36 ,36
8 ,12 ,36 ,36 ,36
9 ,12 ,36 ,36 ,36
10 ,12 ,37 ,37 ,37
11 ,12 ,37 ,37 ,37
12 ,12 ,37 ,37 ,37
13 ,12 ,36 ,36 ,36
14 ,12 ,36 ,36 ,36
15 ,12 ,36 ,36 ,36
16 ,12 ,36 ,36 ,36
17 ,12 ,36 ,36 ,36
18 ,12 ,33 ,33 ,33
19 ,12 ,31 ,31 ,31
20 ,12 ,27 ,27 ,27
21 ,12 ,26 ,26 ,26
22 ,12 ,26 ,26 ,26
23 ,12 ,26 ,26 ,26
24 ,12 ,27 ,27 ,27
25 ,12 ,34 ,34 ,34
26 ,12 ,55 ,55 ,55
27 ,12 ,65 ,65 ,65
28 ,12 ,67 ,67 ,67
29 ,12 ,45 ,45 ,45
30 ,12 ,28 ,28 ,28
31 ,12 ,29 ,29 ,29
32 ,12 ,28 ,28 ,28
33 ,12 ,28 ,28 ,28
34 ,12 ,27 ,27 ,27
35 ,12 ,27 ,27 ,27
36 ,12 ,27 ,27 ,27
37 ,12 ,27 ,27 ,27
38 ,12 ,27 ,27 ,27
39 ,12 ,36 ,36 ,36
40 ,12 ,39 ,39 ,39
41 ,12 ,44 ,44 ,44
42 ,12 ,66 ,66 ,66
43 ,12 ,78 ,78 ,78
44 ,12 ,54 ,54 ,54
45 ,12 ,36 ,36 ,36
46 ,12 ,37 ,37 ,37
47 ,12 ,37 ,37 ,37
48 ,12 ,37 ,37 ,37
49 ,12 ,37 ,37 ,37
50 ,12 ,37 ,37 ,37
51 ,12 ,37 ,37 ,37
52 ,12 ,36 ,36 ,36
53 ,12 ,38 ,38 ,38
54 ,12 ,37 ,37 ,37
55 ,12 ,37 ,37 ,37
56 ,12 ,37 ,37 ,37
57 ,12 ,36 ,36 ,36
58 ,12 ,33 ,33 ,33
59 ,12 ,28 ,28 ,28
60 ,12 ,26 ,26 ,26
61 ,12 ,26 ,26 ,26
62 ,12 ,32 ,32 ,32
63 ,12 ,58 ,58 ,58
64 ,12 ,60 ,60 ,60
65 ,12 ,60 ,60 ,60
66 ,12 ,51 ,51 ,51
67 ,12 ,44 ,44 ,44
68 ,12 ,45 ,45 ,45
69 ,12 ,53 ,53 ,53
70 ,12 ,57 ,57 ,57
71 ,12 ,37 ,37 ,37
72 ,12 ,37 ,37 ,37
73 ,12 ,36 ,36 ,36
74 ,12 ,37 ,37 ,37
75 ,12 ,36 ,36 ,36
76 ,12 ,36 ,36 ,36
0 ,13 ,37 ,37 ,37
1 ,13 ,36 ,36 ,36
2 ,13 ,37 ,37 ,37
3 ,13 ,37 ,37 ,37
4 ,13 ,37 ,37 ,37
5 ,13 ,36 ,36 ,36
6 ,13 ,36 ,36 ,36
7 ,13 ,36 ,36 ,36
8 ,13 ,37 ,37 ,37
9 ,13 ,36 ,36 ,36
10 ,13 ,36 ,36 ,36
11 ,13 ,36 ,36 ,36
12 ,13 ,36 ,36 ,36
13 ,13 ,36 ,36 ,36
14 ,13 ,37 ,37 ,37
15 ,13 ,36 ,36 ,36
16 ,13 ,36 ,36 ,36
17 ,13 ,35 ,35 ,35
18 ,13 ,33 ,33 ,33
19 ,13 ,31 ,31 ,31
20 ,13 ,27 ,27 ,27
21 ,13 ,26 ,26 ,26
22 ,13 ,26 ,26 ,26
23 ,13 ,26 ,26 ,26
24 ,13 ,27 ,27 ,27
25 ,13 ,38 ,38 ,38
26 ,13 ,60 ,60 ,60
27 ,13 ,68 ,68 ,68
28 ,13 ,65 ,65 ,65
29 ,13 ,39 ,39 ,39
30 ,13 ,29 ,29 ,29
31 ,13 ,31 ,31 ,31
32 ,13 ,28 ,28 ,28
33 ,13 ,28 ,28 ,28
34 ,13 ,26 ,26 ,26
35 ,13 ,26 ,26 ,26
36 ,13 ,26 ,26 ,26
37 ,13 ,26 ,26 ,26
38 ,13 ,27 ,27 ,27
39 ,13 ,36 ,36 ,36
40 ,13 ,38 ,38 ,38
41 ,13 ,40 ,40 ,40
42 ,13 ,58 ,58 ,58
43 ,13 ,80 ,80 ,80
44 ,13 ,65 ,65 ,65
45 ,13 ,34 ,34 ,34
46 ,13 ,37 ,37 ,37
47 ,13 ,37 ,37 ,37
48 ,13 ,37 ,37 ,37
49 ,13 ,37 ,37 ,37
50 ,13 ,37 ,37 ,37
51 ,13 ,37 ,37 ,37
52 ,13 ,37 ,37 ,37
53 ,13 ,37 ,37 ,37
54 ,13 ,37 ,37 ,37
55 ,13 ,36 ,36 ,36
56 ,13 ,37 ,37 ,37
57 ,13 ,36 ,36 ,36
58 ,13 ,33 ,33 ,33
59 ,13 ,28 ,28 ,28
60 ,13 ,27 ,27 ,27
61 ,13 ,26 ,26 ,26
62 ,13 ,31 ,31 ,31
63 ,13 ,57 ,57 ,57
64 ,13 ,61 ,61 ,61
65 ,13 ,63 ,63 ,63
66 ,13 ,51 ,51 ,51
67 ,13 ,47 ,47 ,47
68 ,13 ,45 ,45 ,45
69 ,13 ,51 ,51 ,51
70 ,13 ,58 ,58 ,58
71 ,13 ,38 ,38 ,38
72 ,13 ,36 ,36 ,36
73 ,13 ,37 ,37 ,37
74 ,13 ,37 ,37 ,37
75 ,13 ,37 ,37 ,37
76 ,13 ,37 ,37 ,37
0 ,14 ,37 ,37 ,37
1 ,14 ,37 ,37 ,37
2 ,14 ,36 ,36 ,36
3 ,14 ,36 ,36 ,36
4 ,14 ,37 ,37 ,37
5 ,14 ,37 ,37 ,37
6 ,14 ,36 ,36 ,36
7 ,14 ,37 ,37 ,37
8 ,14 ,36 ,36 ,36
9 ,14 ,36 ,36 ,36
10 ,14 ,36 ,36 ,36
11 ,14 ,37 ,37 ,37
12 ,14 ,36 ,36 ,36
13 ,14 ,36 ,36 ,36
14 ,14 ,36 ,36 ,36
15 ,14 ,36 ,36 ,36
16 ,14 ,36 ,36 ,36
17 ,14 ,36 ,36 ,36
18 ,14 ,32 ,32 ,32
19 ,14 ,29 ,29 ,29
20 ,14 ,26 ,26 ,26
21 ,14 ,26 ,26 ,26
22 ,14 ,26 ,26 ,26
23 ,14 ,26 ,26 ,26
24 ,14 ,28 ,28 ,28
25 ,14 ,42 ,42 ,42
26 ,14 ,62 ,62 ,62
27 ,14 ,69 ,69 ,69
28 ,14 ,60 ,60 ,60
29 ,14 ,34 ,34 ,34
30 ,14 ,30 ,30 ,30
31 ,14 ,34 ,34 ,34
32 ,14 ,28 ,28 ,28
33 ,14 ,28 ,28 ,28
34 ,14 ,27 ,27 ,27
35 ,14 ,26 ,26 ,26
36 ,14 ,27 ,27 ,27
37 ,14 ,26 ,26 ,26
38 ,14 ,28 ,28 ,28
39 ,14 ,36 ,36 ,36
40 ,14 ,38 ,38 ,38
41 ,14 ,40 ,40 ,40
42 ,14 ,51 ,51 ,51
43 ,14 ,77 ,77 ,77
44 ,14 ,71 ,71 ,71
45 ,14 ,33 ,33 ,33
46 ,14 ,38 ,38 ,38
47 ,14 ,37 ,37 ,37
48 ,14 ,37 ,37 ,37
49 ,14 ,37 ,37 ,37
50 ,14 ,37 ,37 ,37
51 ,14 ,38 ,38 ,38
52 ,14 ,37 ,37 ,37
53 ,14 ,37 ,37 ,37
54 ,14 ,38 ,38 ,38
55 ,14 ,37 ,37 ,37
56 ,14 ,36 ,36 ,36
57 ,14 ,36 ,36 ,36
58 ,14 ,33 ,33 ,33
59 ,14 ,29 ,29 ,29
60 ,14 ,27 ,27 ,27
61 ,14 ,27 ,27 ,27
62 ,14 ,32 ,32 ,32
63 ,14 ,56 ,56 ,56
64 ,14 ,61 ,61 ,61
65 ,14 ,61 ,61 ,61
66 ,14 ,56 ,56 ,56
67 ,14 ,56 ,56 ,56
68 ,14 ,55 ,55 ,55
69 ,14 ,58 ,58 ,58
70 ,14 ,57 ,57 ,57
71 ,14 ,37 ,37 ,37
72 ,14 ,37 ,37 ,37
73 ,14 ,38 ,38 ,38
74 ,14 ,37 ,37 ,37
75 ,14 ,37 ,37 ,37
76 ,14 ,36 ,36 ,36
0 ,15 ,36 ,36 ,36
1 ,15 ,37 ,37 ,37
2 ,15 ,36 ,36 ,36
3 ,15 ,36 ,36 ,36
4 ,15 ,37 ,37 ,37
5 ,15 ,37 ,37 ,37
6 ,15 ,37 ,37 ,37
7 ,15 ,37 ,37 ,37
8 ,15 ,37 ,37 ,37
9 ,15 ,36 ,36 ,36
10 ,15 ,36 ,36 ,36
11 ,15 ,37 ,37 ,37
12 ,15 ,36 ,36 ,36
13 ,15 ,36 ,36 ,36
14 ,15 ,36 ,36 ,36
15 ,15 ,36 ,36 ,36
16 ,15 ,36 ,36 ,36
17 ,15 ,35 ,35 ,35
18 ,15 ,31 ,31 ,31
19 ,15 ,28 ,28 ,28
20 ,15 ,26 ,26 ,26
21 ,15 ,26 ,26 ,26
22 ,15 ,26 ,26 ,26
23 ,15 ,26 ,26 ,26
24 ,15 ,30 ,30 ,30
25 ,15 ,47 ,47 ,47
26 ,15 ,64 ,64 ,64
27 ,15 ,70 ,70 ,70
28 ,15 ,53 ,53 ,53
29 ,15 ,31 ,31 ,31
30 ,15 ,35 ,35 ,35
31 ,15 ,31 ,31 ,31
32 ,15 ,28 ,28 ,28
33 ,15 ,28 ,28 ,28
34 ,15 ,26 ,26 ,26
35 ,15 ,27 ,27 ,27
36 ,15 ,26 ,26 ,26
37 ,15 ,26 ,26 ,26
38 ,15 ,28 ,28 ,28
39 ,15 ,36 ,36 ,36
40 ,15 ,38 ,38 ,38
41 ,15 ,38 ,38 ,38
42 ,15 ,46 ,46 ,46
43 ,15 ,74 ,74 ,74
44 ,15 ,76 ,76 ,76
45 ,15 ,36 ,36 ,36
46 ,15 ,37 ,37 ,37
47 ,15 ,37 ,37 ,37
48 ,15 ,37 ,37 ,37
49 ,15 ,36 ,36 ,36
50 ,15 ,37 ,37 ,37
51 ,15 ,37 ,37 ,37
52 ,15 ,37 ,37 ,37
53 ,15 ,37 ,37 ,37
54 ,15 ,37 ,37 ,37
55 ,15 ,37 ,37 ,37
56 ,15 ,36 ,36 ,36
57 ,15 ,36 ,36 ,36
58 ,15 ,33 ,33 ,33
59 ,15 ,28 ,28 ,28
60 ,15 ,27 ,27 ,27
61 ,15 ,27 ,27 ,27
62 ,15 ,32 ,32 ,32
63 ,15 ,56 ,56 ,56
64 ,15 ,61 ,61 ,61
65 ,15 ,62 ,62 ,62
66 ,15 ,65 ,65 ,65
67 ,15 ,66 ,66 ,66
68 ,15 ,65 ,65 ,65
69 ,15 ,62 ,62 ,62
70 ,15 ,57 ,57 ,57
71 ,15 ,37 ,37 ,37
72 ,15 ,36 ,36 ,36
73 ,15 ,37 ,37 ,37
74 ,15 ,36 ,36 ,36
75 ,15 ,38 ,38 ,38
76 ,15 ,37 ,37 ,37
0 ,16 ,36 ,36 ,36
1 ,16 ,36 ,36 ,36
2 ,16 ,37 ,37 ,37
3 ,16 ,37 ,37 ,37
4 ,16 ,37 ,37 ,37
5 ,16 ,37 ,37 ,37
6 ,16 ,37 ,37 ,37
7 ,16 ,36 ,36 ,36
8 ,16 ,37 ,37 ,37
9 ,16 ,37 ,37 ,37
10 ,16 ,36 ,36 ,36
11 ,16 ,36 ,36 ,36
12 ,16 ,37 ,37 ,37
13 ,16 ,37 ,37 ,37
14 ,16 ,37 ,37 ,37
15 ,16 ,36 ,36 ,36
16 ,16 ,36 ,36 ,36
17 ,16 ,34 ,34 ,34
18 ,16 ,31 ,31 ,31
19 ,16 ,28 ,28 ,28
20 ,16 ,26 ,26 ,26
21 ,16 ,27 ,27 ,27
22 ,16 ,26 ,26 ,26
23 ,16 ,27 ,27 ,27
24 ,16 ,31 ,31 ,31
25 ,16 ,51 ,51 ,51
26 ,16 ,66 ,66 ,66
27 ,16 ,65 ,65 ,65
28 ,16 ,48 ,48 ,48
29 ,16 ,33 ,33 ,33
30 ,16 ,62 ,62 ,62
31 ,16 ,36 ,36 ,36
32 ,16 ,30 ,30 ,30
33 ,16 ,27 ,27 ,27
34 ,16 ,27 ,27 ,27
35 ,16 ,27 ,27 ,27
36 ,16 ,26 ,26 ,26
37 ,16 ,26 ,26 ,26
38 ,16 ,29 ,29 ,29
39 ,16 ,36 ,36 ,36
40 ,16 ,37 ,37 ,37
41 ,16 ,39 ,39 ,39
42 ,16 ,45 ,45 ,45
43 ,16 ,75 ,75 ,75
44 ,16 ,78 ,78 ,78
45 ,16 ,34 ,34 ,34
46 ,16 ,37 ,37 ,37
47 ,16 ,37 ,37 ,37
48 ,16 ,37 ,37 ,37
49 ,16 ,37 ,37 ,37
50 ,16 ,37 ,37 ,37
51 ,16 ,37 ,37 ,37
52 ,16 ,37 ,37 ,37
53 ,16 ,37 ,37 ,37
54 ,16 ,38 ,38 ,38
55 ,16 ,37 ,37 ,37
56 ,16 ,37 ,37 ,37
57 ,16 ,36 ,36 ,36
58 ,16 ,33 ,33 ,33
59 ,16 ,29 ,29 ,29
60 ,16 ,26 ,26 ,26
61 ,16 ,27 ,27 ,27
62 ,16 ,33 ,33 ,33
63 ,16 ,57 ,57 ,57
64 ,16 ,61 ,61 ,61
65 ,16 ,63 ,63 ,63
66 ,16 ,64 ,64 ,64
67 ,16 ,64 ,64 ,64
68 ,16 ,66 ,66 ,66
69 ,16 ,61 ,61 ,61
70 ,16 ,57 ,57 ,57
71 ,16 ,37 ,37 ,37
72 ,16 ,37 ,37 ,37
73 ,16 ,36 ,36 ,36
74 ,16 ,37 ,37 ,37
75 ,16 ,37 ,37 ,37
76 ,16 ,37 ,37 ,37
0 ,17 ,36 ,36 ,36
1 ,17 ,36 ,36 ,36
2 ,17 ,36 ,36 ,36
3 ,17 ,37 ,37 ,37
4 ,17 ,36 ,36 ,36
5 ,17 ,37 ,37 ,37
6 ,17 ,37 ,37 ,37
7 ,17 ,36 ,36 ,36
8 ,17 ,36 ,36 ,36
9 ,17 ,36 ,36 ,36
10 ,17 ,37 ,37 ,37
11 ,17 ,37 ,37 ,37
12 ,17 ,37 ,37 ,37
13 ,17 ,37 ,37 ,37
14 ,17 ,37 ,37 ,37
15 ,17 ,36 ,36 ,36
16 ,17 ,35 ,35 ,35
17 ,17 ,33 ,33 ,33
18 ,17 ,30 ,30 ,30
19 ,17 ,27 ,27 ,27
20 ,17 ,26 ,26 ,26
21 ,17 ,26 ,26 ,26
22 ,17 ,26 ,26 ,26
23 ,17 ,27 ,27 ,27
24 ,17 ,34 ,34 ,34
25 ,17 ,55 ,55 ,55
26 ,17 ,64 ,64 ,64
27 ,17 ,62 ,62 ,62
28 ,17 ,43 ,43 ,43
29 ,17 ,35 ,35 ,35
30 ,17 ,59 ,59 ,59
31 ,17 ,30 ,30 ,30
32 ,17 ,28 ,28 ,28
33 ,17 ,28 ,28 ,28
34 ,17 ,28 ,28 ,28
35 ,17 ,26 ,26 ,26
36 ,17 ,26 ,26 ,26
37 ,17 ,26 ,26 ,26
38 ,17 ,28 ,28 ,28
39 ,17 ,37 ,37 ,37
40 ,17 ,37 ,37 ,37
41 ,17 ,38 ,38 ,38
42 ,17 ,46 ,46 ,46
43 ,17 ,75 ,75 ,75
44 ,17 ,78 ,78 ,78
45 ,17 ,35 ,35 ,35
46 ,17 ,36 ,36 ,36
47 ,17 ,36 ,36 ,36
48 ,17 ,37 ,37 ,37
49 ,17 ,37 ,37 ,37
50 ,17 ,37 ,37 ,37
51 ,17 ,37 ,37 ,37
52 ,17 ,37 ,37 ,37
53 ,17 ,37 ,37 ,37
54 ,17 ,37 ,37 ,37
55 ,17 ,37 ,37 ,37
56 ,17 ,36 ,36 ,36
57 ,17 ,36 ,36 ,36
58 ,17 ,33 ,33 ,33
59 ,17 ,27 ,27 ,27
60 ,17 ,26 ,26 ,26
61 ,17 ,26 ,26 ,26
62 ,17 ,33 ,33 ,33
63 ,17 ,57 ,57 ,57
64 ,17 ,62 ,62 ,62
65 ,17 ,64 ,64 ,64
66 ,17 ,65 ,65 ,65
67 ,17 ,65 ,65 ,65
68 ,17 ,63 ,63 ,63
69 ,17 ,59 ,59 ,59
70 ,17 ,55 ,55 ,55
71 ,17 ,36 ,36 ,36
72 ,17 ,37 ,37 ,37
73 ,17 ,36 ,36 ,36
74 ,17 ,36 ,36 ,36
75 ,17 ,37 ,37 ,37
76 ,17 ,37 ,37 ,37
0 ,18 ,37 ,37 ,37
1 ,18 ,36 ,36 ,36
2 ,18 ,37 ,37 ,37
3 ,18 ,37 ,37 ,37
4 ,18 ,37 ,37 ,37
5 ,18 ,36 ,36 ,36
6 ,18 ,37 ,37 ,37
7 ,18 ,37 ,37 ,37
8 ,18 ,37 ,37 ,37
9 ,18 ,37 ,37 ,37
10 ,18 ,36 ,36 ,36
11 ,18 ,37 ,37 ,37
12 ,18 ,36 ,36 ,36
13 ,18 ,36 ,36 ,36
14 ,18 ,36 ,36 ,36
15 ,18 ,36 ,36 ,36
16 ,18 ,36 ,36 ,36
17 ,18 ,33 ,33 ,33
18 ,18 ,30 ,30 ,30
19 ,18 ,27 ,27 ,27
20 ,18 ,26 ,26 ,26
21 ,18 ,26 ,26 ,26
22 ,18 ,26 ,26 ,26
23 ,18 ,28 ,28 ,28
24 ,18 ,37 ,37 ,37
25 ,18 ,57 ,57 ,57
26 ,18 ,63 ,63 ,63
27 ,18 ,57 ,57 ,57
28 ,18 ,38 ,38 ,38
29 ,18 ,42 ,42 ,42
30 ,18 ,46 ,46 ,46
31 ,18 ,32 ,32 ,32
32 ,18 ,28 ,28 ,28
33 ,18 ,28 ,28 ,28
34 ,18 ,28 ,28 ,28
35 ,18 ,26 ,26 ,26
36 ,18 ,26 ,26 ,26
37 ,18 ,26 ,26 ,26
38 ,18 ,28 ,28 ,28
39 ,18 ,37 ,37 ,37
40 ,18 ,37 ,37 ,37
41 ,18 ,38 ,38 ,38
42 ,18 ,46 ,46 ,46
43 ,18 ,74 ,74 ,74
44 ,18 ,72 ,72 ,72
45 ,18 ,35 ,35 ,35
46 ,18 ,37 ,37 ,37
47 ,18 ,37 ,37 ,37
48 ,18 ,37 ,37 ,37
49 ,18 ,37 ,37 ,37
50 ,18 ,36 ,36 ,36
51 ,18 ,37 ,37 ,37
52 ,18 ,37 ,37 ,37
53 ,18 ,37 ,37 ,37
54 ,18 ,37 ,37 ,37
55 ,18 ,37 ,37 ,37
56 ,18 ,37 ,37 ,37
57 ,18 ,36 ,36 ,36
58 ,18 ,33 ,33 ,33
59 ,18 ,28 ,28 ,28
60 ,18 ,26 ,26 ,26
61 ,18 ,27 ,27 ,27
62 ,18 ,32 ,32 ,32
63 ,18 ,58 ,58 ,58
64 ,18 ,63 ,63 ,63
65 ,18 ,64 ,64 ,64
66 ,18 ,64 ,64 ,64
67 ,18 ,63 ,63 ,63
68 ,18 ,62 ,62 ,62
69 ,18 ,61 ,61 ,61
70 ,18 ,56 ,56 ,56
71 ,18 ,38 ,38 ,38
72 ,18 ,36 ,36 ,36
73 ,18 ,37 ,37 ,37
74 ,18 ,37 ,37 ,37
75 ,18 ,37 ,37 ,37
76 ,18 ,37 ,37 ,37
0 ,19 ,37 ,37 ,37
1 ,19 ,36 ,36 ,36
2 ,19 ,37 ,37 ,37
3 ,19 ,37 ,37 ,37
4 ,19 ,36 ,36 ,36
5 ,19 ,37 ,37 ,37
6 ,19 ,37 ,37 ,37
7 ,19 ,37 ,37 ,37
8 ,19 ,37 ,37 ,37
9 ,19 ,37 ,37 ,37
10 ,19 ,37 ,37 ,37
11 ,19 ,37 ,37 ,37
12 ,19 ,36 ,36 ,36
13 ,19 ,36 ,36 ,36
14 ,19 ,36 ,36 ,36
15 ,19 ,36 ,36 ,36
16 ,19 ,36 ,36 ,36
17 ,19 ,33 ,33 ,33
18 ,19 ,29 ,29 ,29
19 ,19 ,26 ,26 ,26
20 ,19 ,27 ,27 ,27
21 ,19 ,26 ,26 ,26
22 ,19 ,26 ,26 ,26
23 ,19 ,28 ,28 ,28
24 ,19 ,39 ,39 ,39
25 ,19 ,56 ,56 ,56
26 ,19 ,60 ,60 ,60
27 ,19 ,53 ,53 ,53
28 ,19 ,36 ,36 ,36
29 ,19 ,54 ,54 ,54
30 ,19 ,66 ,66 ,66
31 ,19 ,67 ,67 ,67
32 ,19 ,35 ,35 ,35
33 ,19 ,28 ,28 ,28
34 ,19 ,28 ,28 ,28
35 ,19 ,27 ,27 ,27
36 ,19 ,27 ,27 ,27
37 ,19 ,26 ,26 ,26
38 ,19 ,28 ,28 ,28
39 ,19 ,36 ,36 ,36
40 ,19 ,37 ,37 ,37
41 ,19 ,38 ,38 ,38
42 ,19 ,46 ,46 ,46
43 ,19 ,76 ,76 ,76
44 ,19 ,72 ,72 ,72
45 ,19 ,34 ,34 ,34
46 ,19 ,37 ,37 ,37
47 ,19 ,37 ,37 ,37
48 ,19 ,37 ,37 ,37
49 ,19 ,37 ,37 ,37
50 ,19 ,37 ,37 ,37
51 ,19 ,36 ,36 ,36
52 ,19 ,37 ,37 ,37
53 ,19 ,37 ,37 ,37
54 ,19 ,37 ,37 ,37
55 ,19 ,37 ,37 ,37
56 ,19 ,37 ,37 ,37
57 ,19 ,36 ,36 ,36
58 ,19 ,32 ,32 ,32
59 ,19 ,27 ,27 ,27
60 ,19 ,27 ,27 ,27
61 ,19 ,26 ,26 ,26
62 ,19 ,33 ,33 ,33
63 ,19 ,57 ,57 ,57
64 ,19 ,65 ,65 ,65
65 ,19 ,59 ,59 ,59
66 ,19 ,60 ,60 ,60
67 ,19 ,59 ,59 ,59
68 ,19 ,58 ,58 ,58
69 ,19 ,57 ,57 ,57
70 ,19 ,56 ,56 ,56
71 ,19 ,37 ,37 ,37
72 ,19 ,36 ,36 ,36
73 ,19 ,37 ,37 ,37
74 ,19 ,36 ,36 ,36
75 ,19 ,37 ,37 ,37
76 ,19 ,36 ,36 ,36
0 ,20 ,37 ,37 ,37
1 ,20 ,36 ,36 ,36
2 ,20 ,37 ,37 ,37
3 ,20 ,36 ,36 ,36
4 ,20 ,37 ,37 ,37
5 ,20 ,37 ,37 ,37
6 ,20 ,37 ,37 ,37
7 ,20 ,36 ,36 ,36
8 ,20 ,36 ,36 ,36
9 ,20 ,37 ,37 ,37
10 ,20 ,36 ,36 ,36
11 ,20 ,36 ,36 ,36
12 ,20 ,36 ,36 ,36
13 ,20 ,37 ,37 ,37
14 ,20 ,36 ,36 ,36
15 ,20 ,36 ,36 ,36
16 ,20 ,33 ,33 ,33
17 ,20 ,31 ,31 ,31
18 ,20 ,28 ,28 ,28
19 ,20 ,26 ,26 ,26
20 ,20 ,26 ,26 ,26
21 ,20 ,26 ,26 ,26
22 ,20 ,26 ,26 ,26
23 ,20 ,28 ,28 ,28
24 ,20 ,41 ,41 ,41
25 ,20 ,57 ,57 ,57
26 ,20 ,58 ,58 ,58
27 ,20 ,48 ,48 ,48
28 ,20 ,34 ,34 ,34
29 ,20 ,53 ,53 ,53
30 ,20 ,62 ,62 ,62
31 ,20 ,61 ,61 ,61
32 ,20 ,42 ,42 ,42
33 ,20 ,28 ,28 ,28
34 ,20 ,28 ,28 ,28
35 ,20 ,27 ,27 ,27
36 ,20 ,26 ,26 ,26
37 ,20 ,26 ,26 ,26
38 ,20 ,29 ,29 ,29
39 ,20 ,36 ,36 ,36
40 ,20 ,37 ,37 ,37
41 ,20 ,38 ,38 ,38
42 ,20 ,45 ,45 ,45
43 ,20 ,74 ,74 ,74
44 ,20 ,67 ,67 ,67
45 ,20 ,33 ,33 ,33
46 ,20 ,36 ,36 ,36
47 ,20 ,37 ,37 ,37
48 ,20 ,37 ,37 ,37
49 ,20 ,37 ,37 ,37
50 ,20 ,38 ,38 ,38
51 ,20 ,37 ,37 ,37
52 ,20 ,37 ,37 ,37
53 ,20 ,37 ,37 ,37
54 ,20 ,37 ,37 ,37
55 ,20 ,36 ,36 ,36
56 ,20 ,37 ,37 ,37
57 ,20 ,34 ,34 ,34
58 ,20 ,30 ,30 ,30
59 ,20 ,27 ,27 ,27
60 ,20 ,27 ,27 ,27
61 ,20 ,27 ,27 ,27
62 ,20 ,33 ,33 ,33
63 ,20 ,58 ,58 ,58
64 ,20 ,57 ,57 ,57
65 ,20 ,47 ,47 ,47
66 ,20 ,49 ,49 ,49
67 ,20 ,51 ,51 ,51
68 ,20 ,48 ,48 ,48
69 ,20 ,54 ,54 ,54
70 ,20 ,57 ,57 ,57
71 ,20 ,37 ,37 ,37
72 ,20 ,36 ,36 ,36
73 ,20 ,36 ,36 ,36
74 ,20 ,36 ,36 ,36
75 ,20 ,37 ,37 ,37
76 ,20 ,37 ,37 ,37
0 ,21 ,37 ,37 ,37
1 ,21 ,36 ,36 ,36
2 ,21 ,37 ,37 ,37
3 ,21 ,37 ,37 ,37
4 ,21 ,37 ,37 ,37
5 ,21 ,37 ,37 ,37
6 ,21 ,37 ,37 ,37
7 ,21 ,36 ,36 ,36
8 ,21 ,36 ,36 ,36
9 ,21 ,37 ,37 ,37
10 ,21 ,37 ,37 ,37
11 ,21 ,36 ,36 ,36
12 ,21 ,37 ,37 ,37
13 ,21 ,37 ,37 ,37
14 ,21 ,36 ,36 ,36
15 ,21 ,36 ,36 ,36
16 ,21 ,34 ,34 ,34
17 ,21 ,31 ,31 ,31
18 ,21 ,28 ,28 ,28
19 ,21 ,26 ,26 ,26
20 ,21 ,27 ,27 ,27
21 ,21 ,26 ,26 ,26
22 ,21 ,26 ,26 ,26
23 ,21 ,31 ,31 ,31
24 ,21 ,45 ,45 ,45
25 ,21 ,55 ,55 ,55
26 ,21 ,57 ,57 ,57
27 ,21 ,44 ,44 ,44
28 ,21 ,37 ,37 ,37
29 ,21 ,66 ,66 ,66
30 ,21 ,76 ,76 ,76
31 ,21 ,90 ,90 ,90
32 ,21 ,57 ,57 ,57
33 ,21 ,29 ,29 ,29
34 ,21 ,28 ,28 ,28
35 ,21 ,26 ,26 ,26
36 ,21 ,26 ,26 ,26
37 ,21 ,27 ,27 ,27
38 ,21 ,29 ,29 ,29
39 ,21 ,37 ,37 ,37
40 ,21 ,37 ,37 ,37
41 ,21 ,38 ,38 ,38
42 ,21 ,47 ,47 ,47
43 ,21 ,76 ,76 ,76
44 ,21 ,67 ,67 ,67
45 ,21 ,34 ,34 ,34
46 ,21 ,36 ,36 ,36
47 ,21 ,37 ,37 ,37
48 ,21 ,37 ,37 ,37
49 ,21 ,38 ,38 ,38
50 ,21 ,37 ,37 ,37
51 ,21 ,37 ,37 ,37
52 ,21 ,37 ,37 ,37
53 ,21 ,36 ,36 ,36
54 ,21 ,37 ,37 ,37
55 ,21 ,36 ,36 ,36
56 ,21 ,36 ,36 ,36
57 ,21 ,33 ,33 ,33
58 ,21 ,29 ,29 ,29
59 ,21 ,26 ,26 ,26
60 ,21 ,26 ,26 ,26
61 ,21 ,28 ,28 ,28
62 ,21 ,34 ,34 ,34
63 ,21 ,55 ,55 ,55
64 ,21 ,48 ,48 ,48
65 ,21 ,42 ,42 ,42
66 ,21 ,42 ,42 ,42
67 ,21 ,50 ,50 ,50
68 ,21 ,45 ,45 ,45
69 ,21 ,50 ,50 ,50
70 ,21 ,52 ,52 ,52
71 ,21 ,36 ,36 ,36
72 ,21 ,35 ,35 ,35
73 ,21 ,36 ,36 ,36
74 ,21 ,37 ,37 ,37
75 ,21 ,37 ,37 ,37
76 ,21 ,37 ,37 ,37
0 ,22 ,37 ,37 ,37
1 ,22 ,37 ,37 ,37
2 ,22 ,37 ,37 ,37
3 ,22 ,37 ,37 ,37
4 ,22 ,37 ,37 ,37
5 ,22 ,37 ,37 ,37
6 ,22 ,36 ,36 ,36
7 ,22 ,37 ,37 ,37
8 ,22 ,36 ,36 ,36
9 ,22 ,37 ,37 ,37
10 ,22 ,37 ,37 ,37
11 ,22 ,37 ,37 ,37
12 ,22 ,36 ,36 ,36
13 ,22 ,37 ,37 ,37
14 ,22 ,37 ,37 ,37
15 ,22 ,36 ,36 ,36
16 ,22 ,33 ,33 ,33
17 ,22 ,31 ,31 ,31
18 ,22 ,27 ,27 ,27
19 ,22 ,26 ,26 ,26
20 ,22 ,26 ,26 ,26
21 ,22 ,26 ,26 ,26
22 ,22 ,27 ,27 ,27
23 ,22 ,32 ,32 ,32
24 ,22 ,48 ,48 ,48
25 ,22 ,55 ,55 ,55
26 ,22 ,55 ,55 ,55
27 ,22 ,41 ,41 ,41
28 ,22 ,45 ,45 ,45
29 ,22 ,84 ,84 ,84
30 ,22 ,83 ,83 ,83
31 ,22 ,65 ,65 ,65
32 ,22 ,84 ,84 ,84
33 ,22 ,31 ,31 ,31
34 ,22 ,27 ,27 ,27
35 ,22 ,26 ,26 ,26
36 ,22 ,26 ,26 ,26
37 ,22 ,26 ,26 ,26
38 ,22 ,31 ,31 ,31
39 ,22 ,37 ,37 ,37
40 ,22 ,37 ,37 ,37
41 ,22 ,38 ,38 ,38
42 ,22 ,47 ,47 ,47
43 ,22 ,76 ,76 ,76
44 ,22 ,70 ,70 ,70
45 ,22 ,34 ,34 ,34
46 ,22 ,37 ,37 ,37
47 ,22 ,37 ,37 ,37
48 ,22 ,37 ,37 ,37
49 ,22 ,37 ,37 ,37
50 ,22 ,37 ,37 ,37
51 ,22 ,37 ,37 ,37
52 ,22 ,37 ,37 ,37
53 ,22 ,36 ,36 ,36
54 ,22 ,37 ,37 ,37
55 ,22 ,36 ,36 ,36
56 ,22 ,34 ,34 ,34
57 ,22 ,31 ,31 ,31
58 ,22 ,26 ,26 ,26
59 ,22 ,26 ,26 ,26
60 ,22 ,27 ,27 ,27
61 ,22 ,29 ,29 ,29
62 ,22 ,37 ,37 ,37
63 ,22 ,42 ,42 ,42
64 ,22 ,42 ,42 ,42
65 ,22 ,40 ,40 ,40
66 ,22 ,40 ,40 ,40
67 ,22 ,39 ,39 ,39
68 ,22 ,39 ,39 ,39
69 ,22 ,41 ,41 ,41
70 ,22 ,42 ,42 ,42
71 ,22 ,36 ,36 ,36
72 ,22 ,34 ,34 ,34
73 ,22 ,33 ,33 ,33
74 ,22 ,38 ,38 ,38
75 ,22 ,37 ,37 ,37
76 ,22 ,36 ,36 ,36
0 ,23 ,36 ,36 ,36
1 ,23 ,37 ,37 ,37
2 ,23 ,36 ,36 ,36
3 ,23 ,37 ,37 ,37
4 ,23 ,37 ,37 ,37
5 ,23 ,37 ,37 ,37
6 ,23 ,37 ,37 ,37
7 ,23 ,36 ,36 ,36
8 ,23 ,38 ,38 ,38
9 ,23 ,36 ,36 ,36
10 ,23 ,37 ,37 ,37
11 ,23 ,37 ,37 ,37
12 ,23 ,36 ,36 ,36
13 ,23 ,37 ,37 ,37
14 ,23 ,37 ,37 ,37
15 ,23 ,36 ,36 ,36
16 ,23 ,33 ,33 ,33
17 ,23 ,30 ,30 ,30
18 ,23 ,26 ,26 ,26
19 ,23 ,26 ,26 ,26
20 ,23 ,27 ,27 ,27
21 ,23 ,26 ,26 ,26
22 ,23 ,27 ,27 ,27
23 ,23 ,36 ,36 ,36
24 ,23 ,50 ,50 ,50
25 ,23 ,57 ,57 ,57
26 ,23 ,54 ,54 ,54
27 ,23 ,38 ,38 ,38
28 ,23 ,49 ,49 ,49
29 ,23 ,63 ,63 ,63
30 ,23 ,58 ,58 ,58
31 ,23 ,67 ,67 ,67
32 ,23 ,57 ,57 ,57
33 ,23 ,30 ,30 ,30
34 ,23 ,27 ,27 ,27
35 ,23 ,26 ,26 ,26
36 ,23 ,26 ,26 ,26
37 ,23 ,26 ,26 ,26
38 ,23 ,29 ,29 ,29
39 ,23 ,36 ,36 ,36
40 ,23 ,37 ,37 ,37
41 ,23 ,38 ,38 ,38
42 ,23 ,49 ,49 ,49
43 ,23 ,76 ,76 ,76
44 ,23 ,66 ,66 ,66
45 ,23 ,34 ,34 ,34
46 ,23 ,37 ,37 ,37
47 ,23 ,38 ,38 ,38
48 ,23 ,36 ,36 ,36
49 ,23 ,37 ,37 ,37
50 ,23 ,37 ,37 ,37
51 ,23 ,37 ,37 ,37
52 ,23 ,37 ,37 ,37
53 ,23 ,37 ,37 ,37
54 ,23 ,37 ,37 ,37
55 ,23 ,36 ,36 ,36
56 ,23 ,32 ,32 ,32
57 ,23 ,28 ,28 ,28
58 ,23 ,27 ,27 ,27
59 ,23 ,26 ,26 ,26
60 ,23 ,31 ,31 ,31
61 ,23 ,32 ,32 ,32
62 ,23 ,45 ,45 ,45
63 ,23 ,51 ,51 ,51
64 ,23 ,52 ,52 ,52
65 ,23 ,49 ,49 ,49
66 ,23 ,48 ,48 ,48
67 ,23 ,49 ,49 ,49
68 ,23 ,49 ,49 ,49
69 ,23 ,49 ,49 ,49
70 ,23 ,49 ,49 ,49
71 ,23 ,47 ,47 ,47
72 ,23 ,46 ,46 ,46
73 ,23 ,39 ,39 ,39
74 ,23 ,36 ,36 ,36
75 ,23 ,37 ,37 ,37
76 ,23 ,37 ,37 ,37
0 ,24 ,37 ,37 ,37
1 ,24 ,37 ,37 ,37
2 ,24 ,36 ,36 ,36
3 ,24 ,37 ,37 ,37
4 ,24 ,37 ,37 ,37
5 ,24 ,36 ,36 ,36
6 ,24 ,37 ,37 ,37
7 ,24 ,37 ,37 ,37
8 ,24 ,37 ,37 ,37
9 ,24 ,37 ,37 ,37
10 ,24 ,37 ,37 ,37
11 ,24 ,37 ,37 ,37
12 ,24 ,37 ,37 ,37
13 ,24 ,37 ,37 ,37
14 ,24 ,37 ,37 ,37
15 ,24 ,35 ,35 ,35
16 ,24 ,31 ,31 ,31
17 ,24 ,29 ,29 ,29
18 ,24 ,26 ,26 ,26
19 ,24 ,26 ,26 ,26
20 ,24 ,26 ,26 ,26
21 ,24 ,26 ,26 ,26
22 ,24 ,28 ,28 ,28
23 ,24 ,39 ,39 ,39
24 ,24 ,52 ,52 ,52
25 ,24 ,55 ,55 ,55
26 ,24 ,50 ,50 ,50
27 ,24 ,35 ,35 ,35
28 ,24 ,57 ,57 ,57
29 ,24 ,63 ,63 ,63
30 ,24 ,94 ,94 ,94
31 ,24 ,85 ,85 ,85
32 ,24 ,47 ,47 ,47
33 ,24 ,31 ,31 ,31
34 ,24 ,28 ,28 ,28
35 ,24 ,26 ,26 ,26
36 ,24 ,26 ,26 ,26
37 ,24 ,26 ,26 ,26
38 ,24 ,30 ,30 ,30
39 ,24 ,36 ,36 ,36
40 ,24 ,36 ,36 ,36
41 ,24 ,38 ,38 ,38
42 ,24 ,49 ,49 ,49
43 ,24 ,79 ,79 ,79
44 ,24 ,66 ,66 ,66
45 ,24 ,33 ,33 ,33
46 ,24 ,37 ,37 ,37
47 ,24 ,38 ,38 ,38
48 ,24 ,37 ,37 ,37
49 ,24 ,37 ,37 ,37
50 ,24 ,37 ,37 ,37
51 ,24 ,37 ,37 ,37
52 ,24 ,36 ,36 ,36
53 ,24 ,38 ,38 ,38
54 ,24 ,37 ,37 ,37
55 ,24 ,36 ,36 ,36
56 ,24 ,31 ,31 ,31
57 ,24 ,27 ,27 ,27
58 ,24 ,26 ,26 ,26
59 ,24 ,27 ,27 ,27
60 ,24 ,32 ,32 ,32
61 ,24 ,33 ,33 ,33
62 ,24 ,47 ,47 ,47
63 ,24 ,58 ,58 ,58
64 ,24 ,55 ,55 ,55
65 ,24 ,52 ,52 ,52
66 ,24 ,53 ,53 ,53
67 ,24 ,53 ,53 ,53
68 ,24 ,53 ,53 ,53
69 ,24 ,53 ,53 ,53
70 ,24 ,53 ,53 ,53
71 ,24 ,53 ,53 ,53
72 ,24 ,50 ,50 ,50
73 ,24 ,41 ,41 ,41
74 ,24 ,36 ,36 ,36
75 ,24 ,36 ,36 ,36
76 ,24 ,37 ,37 ,37
0 ,25 ,37 ,37 ,37
1 ,25 ,37 ,37 ,37
2 ,25 ,37 ,37 ,37
3 ,25 ,37 ,37 ,37
4 ,25 ,38 ,38 ,38
5 ,25 ,37 ,37 ,37
6 ,25 ,37 ,37 ,37
7 ,25 ,37 ,37 ,37
8 ,25 ,37 ,37 ,37
9 ,25 ,37 ,37 ,37
10 ,25 ,37 ,37 ,37
11 ,25 ,37 ,37 ,37
12 ,25 ,37 ,37 ,37
13 ,25 ,37 ,37 ,37
14 ,25 ,37 ,37 ,37
15 ,25 ,34 ,34 ,34
16 ,25 ,31 ,31 ,31
17 ,25 ,29 ,29 ,29
18 ,25 ,26 ,26 ,26
19 ,25 ,26 ,26 ,26
20 ,25 ,27 ,27 ,27
21 ,25 ,26 ,26 ,26
22 ,25 ,29 ,29 ,29
23 ,25 ,43 ,43 ,43
24 ,25 ,53 ,53 ,53
25 ,25 ,56 ,56 ,56
26 ,25 ,47 ,47 ,47
27 ,25 ,34 ,34 ,34
28 ,25 ,59 ,59 ,59
29 ,25 ,73 ,73 ,73
30 ,25 ,61 ,61 ,61
31 ,25 ,62 ,62 ,62
32 ,25 ,49 ,49 ,49
33 ,25 ,29 ,29 ,29
34 ,25 ,30 ,30 ,30
35 ,25 ,27 ,27 ,27
36 ,25 ,27 ,27 ,27
37 ,25 ,26 ,26 ,26
38 ,25 ,30 ,30 ,30
39 ,25 ,36 ,36 ,36
40 ,25 ,36 ,36 ,36
41 ,25 ,39 ,39 ,39
42 ,25 ,49 ,49 ,49
43 ,25 ,75 ,75 ,75
44 ,25 ,64 ,64 ,64
45 ,25 ,34 ,34 ,34
46 ,25 ,38 ,38 ,38
47 ,25 ,37 ,37 ,37
48 ,25 ,38 ,38 ,38
49 ,25 ,36 ,36 ,36
50 ,25 ,37 ,37 ,37
51 ,25 ,36 ,36 ,36
52 ,25 ,37 ,37 ,37
53 ,25 ,37 ,37 ,37
54 ,25 ,36 ,36 ,36
55 ,25 ,35 ,35 ,35
56 ,25 ,32 ,32 ,32
57 ,25 ,27 ,27 ,27
58 ,25 ,26 ,26 ,26
59 ,25 ,27 ,27 ,27
60 ,25 ,32 ,32 ,32
61 ,25 ,34 ,34 ,34
62 ,25 ,47 ,47 ,47
63 ,25 ,53 ,53 ,53
64 ,25 ,53 ,53 ,53
65 ,25 ,52 ,52 ,52
66 ,25 ,52 ,52 ,52
67 ,25 ,53 ,53 ,53
68 ,25 ,53 ,53 ,53
69 ,25 ,52 ,52 ,52
70 ,25 ,52 ,52 ,52
71 ,25 ,52 ,52 ,52
72 ,25 ,50 ,50 ,50
73 ,25 ,40 ,40 ,40
74 ,25 ,36 ,36 ,36
75 ,25 ,38 ,38 ,38
76 ,25 ,36 ,36 ,36
0 ,26 ,37 ,37 ,37
1 ,26 ,36 ,36 ,36
2 ,26 ,36 ,36 ,36
3 ,26 ,37 ,37 ,37
4 ,26 ,37 ,37 ,37
5 ,26 ,37 ,37 ,37
6 ,26 ,37 ,37 ,37
7 ,26 ,37 ,37 ,37
8 ,26 ,37 ,37 ,37
9 ,26 ,37 ,37 ,37
10 ,26 ,37 ,37 ,37
11 ,26 ,37 ,37 ,37
12 ,26 ,38 ,38 ,38
13 ,26 ,36 ,36 ,36
14 ,26 ,36 ,36 ,36
15 ,26 ,33 ,33 ,33
16 ,26 ,31 ,31 ,31
17 ,26 ,27 ,27 ,27
18 ,26 ,27 ,27 ,27
19 ,26 ,26 ,26 ,26
20 ,26 ,26 ,26 ,26
21 ,26 ,26 ,26 ,26
22 ,26 ,31 ,31 ,31
23 ,26 ,45 ,45 ,45
24 ,26 ,53 ,53 ,53
25 ,26 ,56 ,56 ,56
26 ,26 ,44 ,44 ,44
27 ,26 ,37 ,37 ,37
28 ,26 ,62 ,62 ,62
29 ,26 ,68 ,68 ,68
30 ,26 ,56 ,56 ,56
31 ,26 ,75 ,75 ,75
32 ,26 ,51 ,51 ,51
33 ,26 ,33 ,33 ,33
34 ,26 ,30 ,30 ,30
35 ,26 ,26 ,26 ,26
36 ,26 ,26 ,26 ,26
37 ,26 ,26 ,26 ,26
38 ,26 ,31 ,31 ,31
39 ,26 ,36 ,36 ,36
40 ,26 ,36 ,36 ,36
41 ,26 ,39 ,39 ,39
42 ,26 ,50 ,50 ,50
43 ,26 ,81 ,81 ,81
44 ,26 ,65 ,65 ,65
45 ,26 ,33 ,33 ,33
46 ,26 ,37 ,37 ,37
47 ,26 ,37 ,37 ,37
48 ,26 ,37 ,37 ,37
49 ,26 ,37 ,37 ,37
50 ,26 ,37 ,37 ,37
51 ,26 ,37 ,37 ,37
52 ,26 ,37 ,37 ,37
53 ,26 ,37 ,37 ,37
54 ,26 ,37 ,37 ,37
55 ,26 ,35 ,35 ,35
56 ,26 ,31 ,31 ,31
57 ,26 ,27 ,27 ,27
58 ,26 ,26 ,26 ,26
59 ,26 ,28 ,28 ,28
60 ,26 ,33 ,33 ,33
61 ,26 ,34 ,34 ,34
62 ,26 ,48 ,48 ,48
63 ,26 ,52 ,52 ,52
64 ,26 ,53 ,53 ,53
65 ,26 ,52 ,52 ,52
66 ,26 ,52 ,52 ,52
67 ,26 ,52 ,52 ,52
68 ,26 ,52 ,52 ,52
69 ,26 ,51 ,51 ,51
70 ,26 ,52 ,52 ,52
71 ,26 ,52 ,52 ,52
72 ,26 ,50 ,50 ,50
73 ,26 ,39 ,39 ,39
74 ,26 ,36 ,36 ,36
75 ,26 ,36 ,36 ,36
76 ,26 ,37 ,37 ,37
0 ,27 ,37 ,37 ,37
1 ,27 ,37 ,37 ,37
2 ,27 ,37 ,37 ,37
3 ,27 ,37 ,37 ,37
4 ,27 ,37 ,37 ,37
5 ,27 ,37 ,37 ,37
6 ,27 ,37 ,37 ,37
7 ,27 ,37 ,37 ,37
8 ,27 ,36 ,36 ,36
9 ,27 ,37 ,37 ,37
10 ,27 ,37 ,37 ,37
11 ,27 ,37 ,37 ,37
12 ,27 ,37 ,37 ,37
13 ,27 ,37 ,37 ,37
14 ,27 ,36 ,36 ,36
15 ,27 ,33 ,33 ,33
16 ,27 ,30 ,30 ,30
17 ,27 ,27 ,27 ,27
18 ,27 ,26 ,26 ,26
19 ,27 ,26 ,26 ,26
20 ,27 ,26 ,26 ,26
21 ,27 ,27 ,27 ,27
22 ,27 ,34 ,34 ,34
23 ,27 ,48 ,48 ,48
24 ,27 ,55 ,55 ,55
25 ,27 ,55 ,55 ,55
26 ,27 ,39 ,39 ,39
27 ,27 ,42 ,42 ,42
28 ,27 ,71 ,71 ,71
29 ,27 ,90 ,90 ,90
30 ,27 ,87 ,87 ,87
31 ,27 ,54 ,54 ,54
32 ,27 ,41 ,41 ,41
33 ,27 ,35 ,35 ,35
34 ,27 ,28 ,28 ,28
35 ,27 ,26 ,26 ,26
36 ,27 ,26 ,26 ,26
37 ,27 ,26 ,26 ,26
38 ,27 ,30 ,30 ,30
39 ,27 ,36 ,36 ,36
40 ,27 ,38 ,38 ,38
41 ,27 ,39 ,39 ,39
42 ,27 ,52 ,52 ,52
43 ,27 ,79 ,79 ,79
44 ,27 ,63 ,63 ,63
45 ,27 ,34 ,34 ,34
46 ,27 ,38 ,38 ,38
47 ,27 ,37 ,37 ,37
48 ,27 ,37 ,37 ,37
49 ,27 ,37 ,37 ,37
50 ,27 ,37 ,37 ,37
51 ,27 ,37 ,37 ,37
52 ,27 ,37 ,37 ,37
53 ,27 ,37 ,37 ,37
54 ,27 ,37 ,37 ,37
55 ,27 ,34 ,34 ,34
56 ,27 ,29 ,29 ,29
57 ,27 ,27 ,27 ,27
58 ,27 ,26 ,26 ,26
59 ,27 ,29 ,29 ,29
60 ,27 ,34 ,34 ,34
61 ,27 ,35 ,35 ,35
62 ,27 ,50 ,50 ,50
63 ,27 ,53 ,53 ,53
64 ,27 ,53 ,53 ,53
65 ,27 ,49 ,49 ,49
66 ,27 ,51 ,51 ,51
67 ,27 ,53 ,53 ,53
68 ,27 ,54 ,54 ,54
69 ,27 ,50 ,50 ,50
70 ,27 ,50 ,50 ,50
71 ,27 ,51 ,51 ,51
72 ,27 ,50 ,50 ,50
73 ,27 ,38 ,38 ,38
74 ,27 ,37 ,37 ,37
75 ,27 ,37 ,37 ,37
76 ,27 ,37 ,37 ,37
0 ,28 ,38 ,38 ,38
1 ,28 ,38 ,38 ,38
2 ,28 ,36 ,36 ,36
3 ,28 ,37 ,37 ,37
4 ,28 ,37 ,37 ,37
5 ,28 ,36 ,36 ,36
6 ,28 ,37 ,37 ,37
7 ,28 ,36 ,36 ,36
8 ,28 ,37 ,37 ,37
9 ,28 ,37 ,37 ,37
10 ,28 ,36 ,36 ,36
11 ,28 ,37 ,37 ,37
12 ,28 ,36 ,36 ,36
13 ,28 ,37 ,37 ,37
14 ,28 ,36 ,36 ,36
15 ,28 ,33 ,33 ,33
16 ,28 ,29 ,29 ,29
17 ,28 ,27 ,27 ,27
18 ,28 ,26 ,26 ,26
19 ,28 ,26 ,26 ,26
20 ,28 ,26 ,26 ,26
21 ,28 ,27 ,27 ,27
22 ,28 ,36 ,36 ,36
23 ,28 ,50 ,50 ,50
24 ,28 ,57 ,57 ,57
25 ,28 ,55 ,55 ,55
26 ,28 ,36 ,36 ,36
27 ,28 ,41 ,41 ,41
28 ,28 ,57 ,57 ,57
29 ,28 ,66 ,66 ,66
30 ,28 ,62 ,62 ,62
31 ,28 ,50 ,50 ,50
32 ,28 ,32 ,32 ,32
33 ,28 ,33 ,33 ,33
34 ,28 ,26 ,26 ,26
35 ,28 ,26 ,26 ,26
36 ,28 ,26 ,26 ,26
37 ,28 ,26 ,26 ,26
38 ,28 ,31 ,31 ,31
39 ,28 ,36 ,36 ,36
40 ,28 ,37 ,37 ,37
41 ,28 ,39 ,39 ,39
42 ,28 ,53 ,53 ,53
43 ,28 ,74 ,74 ,74
44 ,28 ,62 ,62 ,62
45 ,28 ,35 ,35 ,35
46 ,28 ,36 ,36 ,36
47 ,28 ,37 ,37 ,37
48 ,28 ,37 ,37 ,37
49 ,28 ,37 ,37 ,37
50 ,28 ,37 ,37 ,37
51 ,28 ,37 ,37 ,37
52 ,28 ,37 ,37 ,37
53 ,28 ,37 ,37 ,37
54 ,28 ,37 ,37 ,37
55 ,28 ,33 ,33 ,33
56 ,28 ,28 ,28 ,28
57 ,28 ,26 ,26 ,26
58 ,28 ,26 ,26 ,26
59 ,28 ,31 ,31 ,31
60 ,28 ,34 ,34 ,34
61 ,28 ,37 ,37 ,37
62 ,28 ,50 ,50 ,50
63 ,28 ,53 ,53 ,53
64 ,28 ,53 ,53 ,53
65 ,28 ,52 ,52 ,52
66 ,28 ,52 ,52 ,52
67 ,28 ,53 ,53 ,53
68 ,28 ,54 ,54 ,54
69 ,28 ,52 ,52 ,52
70 ,28 ,51 ,51 ,51
71 ,28 ,51 ,51 ,51
72 ,28 ,50 ,50 ,50
73 ,28 ,37 ,37 ,37
74 ,28 ,37 ,37 ,37
75 ,28 ,37 ,37 ,37
76 ,28 ,36 ,36 ,36
0 ,29 ,37 ,37 ,37
1 ,29 ,37 ,37 ,37
2 ,29 ,37 ,37 ,37
3 ,29 ,37 ,37 ,37
4 ,29 ,37 ,37 ,37
5 ,29 ,37 ,37 ,37
6 ,29 ,37 ,37 ,37
7 ,29 ,36 ,36 ,36
8 ,29 ,37 ,37 ,37
9 ,29 ,37 ,37 ,37
10 ,29 ,37 ,37 ,37
11 ,29 ,37 ,37 ,37
12 ,29 ,36 ,36 ,36
13 ,29 ,37 ,37 ,37
14 ,29 ,34 ,34 ,34
15 ,29 ,31 ,31 ,31
16 ,29 ,28 ,28 ,28
17 ,29 ,27 ,27 ,27
18 ,29 ,27 ,27 ,27
19 ,29 ,27 ,27 ,27
20 ,29 ,26 ,26 ,26
21 ,29 ,28 ,28 ,28
22 ,29 ,39 ,39 ,39
23 ,29 ,52 ,52 ,52
24 ,29 ,56 ,56 ,56
25 ,29 ,51 ,51 ,51
26 ,29 ,35 ,35 ,35
27 ,29 ,51 ,51 ,51
28 ,29 ,74 ,74 ,74
29 ,29 ,87 ,87 ,87
30 ,29 ,82 ,82 ,82
31 ,29 ,68 ,68 ,68
32 ,29 ,37 ,37 ,37
33 ,29 ,34 ,34 ,34
34 ,29 ,27 ,27 ,27
35 ,29 ,26 ,26 ,26
36 ,29 ,27 ,27 ,27
37 ,29 ,27 ,27 ,27
38 ,29 ,31 ,31 ,31
39 ,29 ,37 ,37 ,37
40 ,29 ,36 ,36 ,36
41 ,29 ,38 ,38 ,38
42 ,29 ,56 ,56 ,56
43 ,29 ,76 ,76 ,76
44 ,29 ,61 ,61 ,61
45 ,29 ,34 ,34 ,34
46 ,29 ,37 ,37 ,37
47 ,29 ,36 ,36 ,36
48 ,29 ,37 ,37 ,37
49 ,29 ,36 ,36 ,36
50 ,29 ,36 ,36 ,36
51 ,29 ,37 ,37 ,37
52 ,29 ,36 ,36 ,36
53 ,29 ,36 ,36 ,36
54 ,29 ,37 ,37 ,37
55 ,29 ,32 ,32 ,32
56 ,29 ,27 ,27 ,27
57 ,29 ,27 ,27 ,27
58 ,29 ,26 ,26 ,26
59 ,29 ,31 ,31 ,31
60 ,29 ,33 ,33 ,33
61 ,29 ,38 ,38 ,38
62 ,29 ,50 ,50 ,50
63 ,29 ,53 ,53 ,53
64 ,29 ,53 ,53 ,53
65 ,29 ,52 ,52 ,52
66 ,29 ,53 ,53 ,53
67 ,29 ,52 ,52 ,52
68 ,29 ,53 ,53 ,53
69 ,29 ,53 ,53 ,53
70 ,29 ,54 ,54 ,54
71 ,29 ,52 ,52 ,52
72 ,29 ,50 ,50 ,50
73 ,29 ,37 ,37 ,37
74 ,29 ,36 ,36 ,36
75 ,29 ,37 ,37 ,37
76 ,29 ,36 ,36 ,36
0 ,30 ,36 ,36 ,36
1 ,30 ,37 ,37 ,37
2 ,30 ,37 ,37 ,37
3 ,30 ,38 ,38 ,38
4 ,30 ,38 ,38 ,38
5 ,30 ,37 ,37 ,37
6 ,30 ,37 ,37 ,37
7 ,30 ,37 ,37 ,37
8 ,30 ,37 ,37 ,37
9 ,30 ,37 ,37 ,37
10 ,30 ,37 ,37 ,37
11 ,30 ,37 ,37 ,37
12 ,30 ,36 ,36 ,36
13 ,30 ,36 ,36 ,36
14 ,30 ,34 ,34 ,34
15 ,30 ,31 ,31 ,31
16 ,30 ,28 ,28 ,28
17 ,30 ,27 ,27 ,27
18 ,30 ,26 ,26 ,26
19 ,30 ,26 ,26 ,26
20 ,30 ,26 ,26 ,26
21 ,30 ,29 ,29 ,29
22 ,30 ,41 ,41 ,41
23 ,30 ,52 ,52 ,52
24 ,30 ,56 ,56 ,56
25 ,30 ,46 ,46 ,46
26 ,30 ,33 ,33 ,33
27 ,30 ,55 ,55 ,55
28 ,30 ,70 ,70 ,70
29 ,30 ,71 ,71 ,71
30 ,30 ,72 ,72 ,72
31 ,30 ,54 ,54 ,54
32 ,30 ,33 ,33 ,33
33 ,30 ,33 ,33 ,33
34 ,30 ,26 ,26 ,26
35 ,30 ,26 ,26 ,26
36 ,30 ,27 ,27 ,27
37 ,30 ,26 ,26 ,26
38 ,30 ,32 ,32 ,32
39 ,30 ,36 ,36 ,36
40 ,30 ,37 ,37 ,37
41 ,30 ,38 ,38 ,38
42 ,30 ,55 ,55 ,55
43 ,30 ,80 ,80 ,80
44 ,30 ,58 ,58 ,58
45 ,30 ,34 ,34 ,34
46 ,30 ,37 ,37 ,37
47 ,30 ,37 ,37 ,37
48 ,30 ,38 ,38 ,38
49 ,30 ,38 ,38 ,38
50 ,30 ,37 ,37 ,37
51 ,30 ,37 ,37 ,37
52 ,30 ,37 ,37 ,37
53 ,30 ,37 ,37 ,37
54 ,30 ,36 ,36 ,36
55 ,30 ,32 ,32 ,32
56 ,30 ,27 ,27 ,27
57 ,30 ,27 ,27 ,27
58 ,30 ,26 ,26 ,26
59 ,30 ,28 ,28 ,28
60 ,30 ,29 ,29 ,29
61 ,30 ,38 ,38 ,38
62 ,30 ,51 ,51 ,51
63 ,30 ,53 ,53 ,53
64 ,30 ,53 ,53 ,53
65 ,30 ,51 ,51 ,51
66 ,30 ,55 ,55 ,55
67 ,30 ,53 ,53 ,53
68 ,30 ,54 ,54 ,54
69 ,30 ,50 ,50 ,50
70 ,30 ,55 ,55 ,55
71 ,30 ,52 ,52 ,52
72 ,30 ,49 ,49 ,49
73 ,30 ,36 ,36 ,36
74 ,30 ,37 ,37 ,37
75 ,30 ,36 ,36 ,36
76 ,30 ,36 ,36 ,36
0 ,31 ,38 ,38 ,38
1 ,31 ,37 ,37 ,37
2 ,31 ,37 ,37 ,37
3 ,31 ,38 ,38 ,38
4 ,31 ,37 ,37 ,37
5 ,31 ,37 ,37 ,37
6 ,31 ,37 ,37 ,37
7 ,31 ,37 ,37 ,37
8 ,31 ,37 ,37 ,37
9 ,31 ,37 ,37 ,37
10 ,31 ,37 ,37 ,37
11 ,31 ,37 ,37 ,37
12 ,31 ,36 ,36 ,36
13 ,31 ,36 ,36 ,36
14 ,31 ,33 ,33 ,33
15 ,31 ,31 ,31 ,31
16 ,31 ,27 ,27 ,27
17 ,31 ,27 ,27 ,27
18 ,31 ,27 ,27 ,27
19 ,31 ,26 ,26 ,26
20 ,31 ,26 ,26 ,26
21 ,31 ,30 ,30 ,30
22 ,31 ,43 ,43 ,43
23 ,31 ,54 ,54 ,54
24 ,31 ,55 ,55 ,55
25 ,31 ,42 ,42 ,42
26 ,31 ,34 ,34 ,34
27 ,31 ,49 ,49 ,49
28 ,31 ,57 ,57 ,57
29 ,31 ,56 ,56 ,56
30 ,31 ,59 ,59 ,59
31 ,31 ,40 ,40 ,40
32 ,31 ,32 ,32 ,32
33 ,31 ,31 ,31 ,31
34 ,31 ,26 ,26 ,26
35 ,31 ,27 ,27 ,27
36 ,31 ,27 ,27 ,27
37 ,31 ,27 ,27 ,27
38 ,31 ,32 ,32 ,32
39 ,31 ,37 ,37 ,37
40 ,31 ,37 ,37 ,37
41 ,31 ,40 ,40 ,40
42 ,31 ,56 ,56 ,56
43 ,31 ,78 ,78 ,78
44 ,31 ,59 ,59 ,59
45 ,31 ,34 ,34 ,34
46 ,31 ,37 ,37 ,37
47 ,31 ,37 ,37 ,37
48 ,31 ,38 ,38 ,38
49 ,31 ,38 ,38 ,38
50 ,31 ,37 ,37 ,37
51 ,31 ,37 ,37 ,37
52 ,31 ,37 ,37 ,37
53 ,31 ,37 ,37 ,37
54 ,31 ,35 ,35 ,35
55 ,31 ,30 ,30 ,30
56 ,31 ,27 ,27 ,27
57 ,31 ,26 ,26 ,26
58 ,31 ,26 ,26 ,26
59 ,31 ,28 ,28 ,28
60 ,31 ,28 ,28 ,28
61 ,31 ,40 ,40 ,40
62 ,31 ,51 ,51 ,51
63 ,31 ,53 ,53 ,53
64 ,31 ,52 ,52 ,52
65 ,31 ,50 ,50 ,50
66 ,31 ,53 ,53 ,53
67 ,31 ,53 ,53 ,53
68 ,31 ,52 ,52 ,52
69 ,31 ,50 ,50 ,50
70 ,31 ,51 ,51 ,51
71 ,31 ,51 ,51 ,51
72 ,31 ,48 ,48 ,48
73 ,31 ,36 ,36 ,36
74 ,31 ,36 ,36 ,36
75 ,31 ,36 ,36 ,36
76 ,31 ,37 ,37 ,37
0 ,32 ,38 ,38 ,38
1 ,32 ,36 ,36 ,36
2 ,32 ,37 ,37 ,37
3 ,32 ,38 ,38 ,38
4 ,32 ,38 ,38 ,38
5 ,32 ,36 ,36 ,36
6 ,32 ,38 ,38 ,38
7 ,32 ,38 ,38 ,38
8 ,32 ,38 ,38 ,38
9 ,32 ,37 ,37 ,37
10 ,32 ,36 ,36 ,36
11 ,32 ,36 ,36 ,36
12 ,32 ,36 ,36 ,36
13 ,32 ,36 ,36 ,36
14 ,32 ,33 ,33 ,33
15 ,32 ,29 ,29 ,29
16 ,32 ,27 ,27 ,27
17 ,32 ,27 ,27 ,27
18 ,32 ,26 ,26 ,26
19 ,32 ,26 ,26 ,26
20 ,32 ,26 ,26 ,26
21 ,32 ,32 ,32 ,32
22 ,32 ,44 ,44 ,44
23 ,32 ,51 ,51 ,51
24 ,32 ,52 ,52 ,52
25 ,32 ,36 ,36 ,36
26 ,32 ,35 ,35 ,35
27 ,32 ,46 ,46 ,46
28 ,32 ,71 ,71 ,71
29 ,32 ,78 ,78 ,78
30 ,32 ,73 ,73 ,73
31 ,32 ,45 ,45 ,45
32 ,32 ,35 ,35 ,35
33 ,32 ,29 ,29 ,29
34 ,32 ,26 ,26 ,26
35 ,32 ,26 ,26 ,26
36 ,32 ,26 ,26 ,26
37 ,32 ,27 ,27 ,27
38 ,32 ,31 ,31 ,31
39 ,32 ,36 ,36 ,36
40 ,32 ,37 ,37 ,37
41 ,32 ,39 ,39 ,39
42 ,32 ,56 ,56 ,56
43 ,32 ,75 ,75 ,75
44 ,32 ,57 ,57 ,57
45 ,32 ,35 ,35 ,35
46 ,32 ,37 ,37 ,37
47 ,32 ,36 ,36 ,36
48 ,32 ,37 ,37 ,37
49 ,32 ,37 ,37 ,37
50 ,32 ,37 ,37 ,37
51 ,32 ,37 ,37 ,37
52 ,32 ,36 ,36 ,36
53 ,32 ,37 ,37 ,37
54 ,32 ,35 ,35 ,35
55 ,32 ,30 ,30 ,30
56 ,32 ,27 ,27 ,27
57 ,32 ,28 ,28 ,28
58 ,32 ,26 ,26 ,26
59 ,32 ,27 ,27 ,27
60 ,32 ,28 ,28 ,28
61 ,32 ,40 ,40 ,40
62 ,32 ,52 ,52 ,52
63 ,32 ,55 ,55 ,55
64 ,32 ,51 ,51 ,51
65 ,32 ,52 ,52 ,52
66 ,32 ,51 ,51 ,51
67 ,32 ,53 ,53 ,53
68 ,32 ,52 ,52 ,52
69 ,32 ,50 ,50 ,50
70 ,32 ,51 ,51 ,51
71 ,32 ,57 ,57 ,57
72 ,32 ,48 ,48 ,48
73 ,32 ,35 ,35 ,35
74 ,32 ,37 ,37 ,37
75 ,32 ,36 ,36 ,36
76 ,32 ,37 ,37 ,37
0 ,33 ,36 ,36 ,36
1 ,33 ,36 ,36 ,36
2 ,33 ,37 ,37 ,37
3 ,33 ,37 ,37 ,37
4 ,33 ,37 ,37 ,37
5 ,33 ,37 ,37 ,37
6 ,33 ,37 ,37 ,37
7 ,33 ,37 ,37 ,37
8 ,33 ,37 ,37 ,37
9 ,33 ,37 ,37 ,37
10 ,33 ,37 ,37 ,37
11 ,33 ,37 ,37 ,37
12 ,33 ,36 ,36 ,36
13 ,33 ,36 ,36 ,36
14 ,33 ,33 ,33 ,33
15 ,33 ,29 ,29 ,29
16 ,33 ,27 ,27 ,27
17 ,33 ,27 ,27 ,27
18 ,33 ,26 ,26 ,26
19 ,33 ,26 ,26 ,26
20 ,33 ,26 ,26 ,26
21 ,33 ,34 ,34 ,34
22 ,33 ,44 ,44 ,44
23 ,33 ,49 ,49 ,49
24 ,33 ,47 ,47 ,47
25 ,33 ,33 ,33 ,33
26 ,33 ,36 ,36 ,36
27 ,33 ,50 ,50 ,50
28 ,33 ,51 ,51 ,51
29 ,33 ,52 ,52 ,52
30 ,33 ,51 ,51 ,51
31 ,33 ,35 ,35 ,35
32 ,33 ,37 ,37 ,37
33 ,33 ,31 ,31 ,31
34 ,33 ,26 ,26 ,26
35 ,33 ,27 ,27 ,27
36 ,33 ,26 ,26 ,26
37 ,33 ,27 ,27 ,27
38 ,33 ,33 ,33 ,33
39 ,33 ,38 ,38 ,38
40 ,33 ,37 ,37 ,37
41 ,33 ,39 ,39 ,39
42 ,33 ,55 ,55 ,55
43 ,33 ,74 ,74 ,74
44 ,33 ,56 ,56 ,56
45 ,33 ,34 ,34 ,34
46 ,33 ,37 ,37 ,37
47 ,33 ,37 ,37 ,37
48 ,33 ,38 ,38 ,38
49 ,33 ,37 ,37 ,37
50 ,33 ,38 ,38 ,38
51 ,33 ,37 ,37 ,37
52 ,33 ,37 ,37 ,37
53 ,33 ,36 ,36 ,36
54 ,33 ,33 ,33 ,33
55 ,33 ,29 ,29 ,29
56 ,33 ,28 ,28 ,28
57 ,33 ,27 ,27 ,27
58 ,33 ,27 ,27 ,27
59 ,33 ,27 ,27 ,27
60 ,33 ,29 ,29 ,29
61 ,33 ,42 ,42 ,42
62 ,33 ,51 ,51 ,51
63 ,33 ,53 ,53 ,53
64 ,33 ,51 ,51 ,51
65 ,33 ,52 ,52 ,52
66 ,33 ,52 ,52 ,52
67 ,33 ,54 ,54 ,54
68 ,33 ,52 ,52 ,52
69 ,33 ,52 ,52 ,52
70 ,33 ,51 ,51 ,51
71 ,33 ,51 ,51 ,51
72 ,33 ,47 ,47 ,47
73 ,33 ,35 ,35 ,35
74 ,33 ,37 ,37 ,37
75 ,33 ,37 ,37 ,37
76 ,33 ,37 ,37 ,37
0 ,34 ,36 ,36 ,36
1 ,34 ,37 ,37 ,37
2 ,34 ,37 ,37 ,37
3 ,34 ,37 ,37 ,37
4 ,34 ,37 ,37 ,37
5 ,34 ,38 ,38 ,38
6 ,34 ,37 ,37 ,37
7 ,34 ,37 ,37 ,37
8 ,34 ,37 ,37 ,37
9 ,34 ,37 ,37 ,37
10 ,34 ,37 ,37 ,37
11 ,34 ,36 ,36 ,36
12 ,34 ,37 ,37 ,37
13 ,34 ,35 ,35 ,35
14 ,34 ,31 ,31 ,31
15 ,34 ,28 ,28 ,28
16 ,34 ,26 ,26 ,26
17 ,34 ,27 ,27 ,27
18 ,34 ,26 ,26 ,26
19 ,34 ,26 ,26 ,26
20 ,34 ,27 ,27 ,27
21 ,34 ,37 ,37 ,37
22 ,34 ,43 ,43 ,43
23 ,34 ,46 ,46 ,46
24 ,34 ,44 ,44 ,44
25 ,34 ,31 ,31 ,31
26 ,34 ,43 ,43 ,43
27 ,34 ,55 ,55 ,55
28 ,34 ,47 ,47 ,47
29 ,34 ,54 ,54 ,54
30 ,34 ,50 ,50 ,50
31 ,34 ,34 ,34 ,34
32 ,34 ,44 ,44 ,44
33 ,34 ,46 ,46 ,46
34 ,34 ,31 ,31 ,31
35 ,34 ,26 ,26 ,26
36 ,34 ,26 ,26 ,26
37 ,34 ,26 ,26 ,26
38 ,34 ,33 ,33 ,33
39 ,34 ,38 ,38 ,38
40 ,34 ,37 ,37 ,37
41 ,34 ,40 ,40 ,40
42 ,34 ,59 ,59 ,59
43 ,34 ,73 ,73 ,73
44 ,34 ,55 ,55 ,55
45 ,34 ,35 ,35 ,35
46 ,34 ,37 ,37 ,37
47 ,34 ,38 ,38 ,38
48 ,34 ,37 ,37 ,37
49 ,34 ,37 ,37 ,37
50 ,34 ,37 ,37 ,37
51 ,34 ,36 ,36 ,36
52 ,34 ,37 ,37 ,37
53 ,34 ,36 ,36 ,36
54 ,34 ,32 ,32 ,32
55 ,34 ,30 ,30 ,30
56 ,34 ,28 ,28 ,28
57 ,34 ,27 ,27 ,27
58 ,34 ,26 ,26 ,26
59 ,34 ,26 ,26 ,26
60 ,34 ,28 ,28 ,28
61 ,34 ,42 ,42 ,42
62 ,34 ,52 ,52 ,52
63 ,34 ,53 ,53 ,53
64 ,34 ,52 ,52 ,52
65 ,34 ,52 ,52 ,52
66 ,34 ,53 ,53 ,53
67 ,34 ,53 ,53 ,53
68 ,34 ,53 ,53 ,53
69 ,34 ,53 ,53 ,53
70 ,34 ,52 ,52 ,52
71 ,34 ,53 ,53 ,53
72 ,34 ,47 ,47 ,47
73 ,34 ,34 ,34 ,34
74 ,34 ,36 ,36 ,36
75 ,34 ,36 ,36 ,36
76 ,34 ,37 ,37 ,37
0 ,35 ,28 ,28 ,28
1 ,35 ,30 ,30 ,30
2 ,35 ,32 ,32 ,32
3 ,35 ,33 ,33 ,33
4 ,35 ,36 ,36 ,36
5 ,35 ,36 ,36 ,36
6 ,35 ,37 ,37 ,37
7 ,35 ,36 ,36 ,36
8 ,35 ,36 ,36 ,36
9 ,35 ,36 ,36 ,36
10 ,35 ,38 ,38 ,38
11 ,35 ,36 ,36 ,36
12 ,35 ,36 ,36 ,36
13 ,35 ,33 ,33 ,33
14 ,35 ,32 ,32 ,32
15 ,35 ,28 ,28 ,28
16 ,35 ,27 ,27 ,27
17 ,35 ,26 ,26 ,26
18 ,35 ,27 ,27 ,27
19 ,35 ,26 ,26 ,26
20 ,35 ,28 ,28 ,28
21 ,35 ,37 ,37 ,37
22 ,35 ,42 ,42 ,42
23 ,35 ,45 ,45 ,45
24 ,35 ,41 ,41 ,41
25 ,35 ,31 ,31 ,31
26 ,35 ,46 ,46 ,46
27 ,35 ,48 ,48 ,48
28 ,35 ,58 ,58 ,58
29 ,35 ,48 ,48 ,48
30 ,35 ,43 ,43 ,43
31 ,35 ,36 ,36 ,36
32 ,35 ,64 ,64 ,64
33 ,35 ,77 ,77 ,77
34 ,35 ,54 ,54 ,54
35 ,35 ,32 ,32 ,32
36 ,35 ,30 ,30 ,30
37 ,35 ,29 ,29 ,29
38 ,35 ,33 ,33 ,33
39 ,35 ,36 ,36 ,36
40 ,35 ,38 ,38 ,38
41 ,35 ,40 ,40 ,40
42 ,35 ,60 ,60 ,60
43 ,35 ,79 ,79 ,79
44 ,35 ,52 ,52 ,52
45 ,35 ,36 ,36 ,36
46 ,35 ,37 ,37 ,37
47 ,35 ,37 ,37 ,37
48 ,35 ,37 ,37 ,37
49 ,35 ,37 ,37 ,37
50 ,35 ,37 ,37 ,37
51 ,35 ,37 ,37 ,37
52 ,35 ,37 ,37 ,37
53 ,35 ,36 ,36 ,36
54 ,35 ,33 ,33 ,33
55 ,35 ,29 ,29 ,29
56 ,35 ,29 ,29 ,29
57 ,35 ,27 ,27 ,27
58 ,35 ,27 ,27 ,27
59 ,35 ,26 ,26 ,26
60 ,35 ,28 ,28 ,28
61 ,35 ,43 ,43 ,43
62 ,35 ,53 ,53 ,53
63 ,35 ,53 ,53 ,53
64 ,35 ,52 ,52 ,52
65 ,35 ,50 ,50 ,50
66 ,35 ,55 ,55 ,55
67 ,35 ,53 ,53 ,53
68 ,35 ,54 ,54 ,54
69 ,35 ,54 ,54 ,54
70 ,35 ,53 ,53 ,53
71 ,35 ,52 ,52 ,52
72 ,35 ,46 ,46 ,46
73 ,35 ,35 ,35 ,35
74 ,35 ,37 ,37 ,37
75 ,35 ,36 ,36 ,36
76 ,35 ,37 ,37 ,37
0 ,36 ,27 ,27 ,27
1 ,36 ,26 ,26 ,26
2 ,36 ,27 ,27 ,27
3 ,36 ,27 ,27 ,27
4 ,36 ,28 ,28 ,28
5 ,36 ,29 ,29 ,29
6 ,36 ,31 ,31 ,31
7 ,36 ,34 ,34 ,34
8 ,36 ,36 ,36 ,36
9 ,36 ,36 ,36 ,36
10 ,36 ,36 ,36 ,36
11 ,36 ,37 ,37 ,37
12 ,36 ,36 ,36 ,36
13 ,36 ,33 ,33 ,33
14 ,36 ,31 ,31 ,31
15 ,36 ,27 ,27 ,27
16 ,36 ,27 ,27 ,27
17 ,36 ,27 ,27 ,27
18 ,36 ,26 ,26 ,26
19 ,36 ,26 ,26 ,26
20 ,36 ,30 ,30 ,30
21 ,36 ,41 ,41 ,41
22 ,36 ,42 ,42 ,42
23 ,36 ,44 ,44 ,44
24 ,36 ,37 ,37 ,37
25 ,36 ,31 ,31 ,31
26 ,36 ,36 ,36 ,36
27 ,36 ,39 ,39 ,39
28 ,36 ,39 ,39 ,39
29 ,36 ,34 ,34 ,34
30 ,36 ,34 ,34 ,34
31 ,36 ,38 ,38 ,38
32 ,36 ,71 ,71 ,71
33 ,36 ,83 ,83 ,83
34 ,36 ,54 ,54 ,54
35 ,36 ,35 ,35 ,35
36 ,36 ,35 ,35 ,35
37 ,36 ,34 ,34 ,34
38 ,36 ,33 ,33 ,33
39 ,36 ,36 ,36 ,36
40 ,36 ,37 ,37 ,37
41 ,36 ,41 ,41 ,41
42 ,36 ,60 ,60 ,60
43 ,36 ,73 ,73 ,73
44 ,36 ,51 ,51 ,51
45 ,36 ,36 ,36 ,36
46 ,36 ,37 ,37 ,37
47 ,36 ,37 ,37 ,37
48 ,36 ,38 ,38 ,38
49 ,36 ,37 ,37 ,37
50 ,36 ,37 ,37 ,37
51 ,36 ,37 ,37 ,37
52 ,36 ,36 ,36 ,36
53 ,36 ,34 ,34 ,34
54 ,36 ,31 ,31 ,31
55 ,36 ,31 ,31 ,31
56 ,36 ,30 ,30 ,30
57 ,36 ,26 ,26 ,26
58 ,36 ,27 ,27 ,27
59 ,36 ,27 ,27 ,27
60 ,36 ,30 ,30 ,30
61 ,36 ,44 ,44 ,44
62 ,36 ,51 ,51 ,51
63 ,36 ,53 ,53 ,53
64 ,36 ,51 ,51 ,51
65 ,36 ,50 ,50 ,50
66 ,36 ,53 ,53 ,53
67 ,36 ,54 ,54 ,54
68 ,36 ,52 ,52 ,52
69 ,36 ,51 ,51 ,51
70 ,36 ,52 ,52 ,52
71 ,36 ,51 ,51 ,51
72 ,36 ,46 ,46 ,46
73 ,36 ,35 ,35 ,35
74 ,36 ,36 ,36 ,36
75 ,36 ,37 ,37 ,37
76 ,36 ,37 ,37 ,37
0 ,37 ,28 ,28 ,28
1 ,37 ,28 ,28 ,28
2 ,37 ,28 ,28 ,28
3 ,37 ,28 ,28 ,28
4 ,37 ,28 ,28 ,28
5 ,37 ,28 ,28 ,28
6 ,37 ,26 ,26 ,26
7 ,37 ,28 ,28 ,28
8 ,37 ,28 ,28 ,28
9 ,37 ,31 ,31 ,31
10 ,37 ,33 ,33 ,33
11 ,37 ,34 ,34 ,34
12 ,37 ,35 ,35 ,35
13 ,37 ,32 ,32 ,32
14 ,37 ,29 ,29 ,29
15 ,37 ,28 ,28 ,28
16 ,37 ,27 ,27 ,27
17 ,37 ,26 ,26 ,26
18 ,37 ,26 ,26 ,26
19 ,37 ,26 ,26 ,26
20 ,37 ,32 ,32 ,32
21 ,37 ,42 ,42 ,42
22 ,37 ,44 ,44 ,44
23 ,37 ,44 ,44 ,44
24 ,37 ,34 ,34 ,34
25 ,37 ,38 ,38 ,38
26 ,37 ,47 ,47 ,47
27 ,37 ,43 ,43 ,43
28 ,37 ,43 ,43 ,43
29 ,37 ,47 ,47 ,47
30 ,37 ,39 ,39 ,39
31 ,37 ,42 ,42 ,42
32 ,37 ,75 ,75 ,75
33 ,37 ,62 ,62 ,62
34 ,37 ,40 ,40 ,40
35 ,37 ,37 ,37 ,37
36 ,37 ,36 ,36 ,36
37 ,37 ,38 ,38 ,38
38 ,37 ,35 ,35 ,35
39 ,37 ,36 ,36 ,36
40 ,37 ,36 ,36 ,36
41 ,37 ,40 ,40 ,40
42 ,37 ,60 ,60 ,60
43 ,37 ,75 ,75 ,75
44 ,37 ,49 ,49 ,49
45 ,37 ,35 ,35 ,35
46 ,37 ,37 ,37 ,37
47 ,37 ,37 ,37 ,37
48 ,37 ,38 ,38 ,38
49 ,37 ,37 ,37 ,37
50 ,37 ,37 ,37 ,37
51 ,37 ,37 ,37 ,37
52 ,37 ,36 ,36 ,36
53 ,37 ,34 ,34 ,34
54 ,37 ,29 ,29 ,29
55 ,37 ,31 ,31 ,31
56 ,37 ,30 ,30 ,30
57 ,37 ,27 ,27 ,27
58 ,37 ,26 ,26 ,26
59 ,37 ,27 ,27 ,27
60 ,37 ,30 ,30 ,30
61 ,37 ,46 ,46 ,46
62 ,37 ,52 ,52 ,52
63 ,37 ,54 ,54 ,54
64 ,37 ,54 ,54 ,54
65 ,37 ,53 ,53 ,53
66 ,37 ,53 ,53 ,53
67 ,37 ,53 ,53 ,53
68 ,37 ,54 ,54 ,54
69 ,37 ,53 ,53 ,53
70 ,37 ,52 ,52 ,52
71 ,37 ,51 ,51 ,51
72 ,37 ,45 ,45 ,45
73 ,37 ,36 ,36 ,36
74 ,37 ,37 ,37 ,37
75 ,37 ,36 ,36 ,36
76 ,37 ,36 ,36 ,36
0 ,38 ,29 ,29 ,29
1 ,38 ,29 ,29 ,29
2 ,38 ,29 ,29 ,29
3 ,38 ,28 ,28 ,28
4 ,38 ,28 ,28 ,28
5 ,38 ,28 ,28 ,28
6 ,38 ,28 ,28 ,28
7 ,38 ,28 ,28 ,28
8 ,38 ,28 ,28 ,28
9 ,38 ,28 ,28 ,28
10 ,38 ,27 ,27 ,27
11 ,38 ,28 ,28 ,28
12 ,38 ,31 ,31 ,31
13 ,38 ,30 ,30 ,30
14 ,38 ,28 ,28 ,28
15 ,38 ,27 ,27 ,27
16 ,38 ,26 ,26 ,26
17 ,38 ,26 ,26 ,26
18 ,38 ,26 ,26 ,26
19 ,38 ,27 ,27 ,27
20 ,38 ,35 ,35 ,35
21 ,38 ,44 ,44 ,44
22 ,38 ,47 ,47 ,47
23 ,38 ,44 ,44 ,44
24 ,38 ,32 ,32 ,32
25 ,38 ,32 ,32 ,32
26 ,38 ,34 ,34 ,34
27 ,38 ,38 ,38 ,38
28 ,38 ,39 ,39 ,39
29 ,38 ,44 ,44 ,44
30 ,38 ,33 ,33 ,33
31 ,38 ,44 ,44 ,44
32 ,38 ,70 ,70 ,70
33 ,38 ,46 ,46 ,46
34 ,38 ,38 ,38 ,38
35 ,38 ,35 ,35 ,35
36 ,38 ,36 ,36 ,36
37 ,38 ,37 ,37 ,37
38 ,38 ,35 ,35 ,35
39 ,38 ,37 ,37 ,37
40 ,38 ,36 ,36 ,36
41 ,38 ,39 ,39 ,39
42 ,38 ,62 ,62 ,62
43 ,38 ,75 ,75 ,75
44 ,38 ,50 ,50 ,50
45 ,38 ,35 ,35 ,35
46 ,38 ,38 ,38 ,38
47 ,38 ,38 ,38 ,38
48 ,38 ,37 ,37 ,37
49 ,38 ,38 ,38 ,38
50 ,38 ,38 ,38 ,38
51 ,38 ,37 ,37 ,37
52 ,38 ,37 ,37 ,37
53 ,38 ,33 ,33 ,33
54 ,38 ,31 ,31 ,31
55 ,38 ,32 ,32 ,32
56 ,38 ,31 ,31 ,31
57 ,38 ,26 ,26 ,26
58 ,38 ,26 ,26 ,26
59 ,38 ,26 ,26 ,26
60 ,38 ,31 ,31 ,31
61 ,38 ,45 ,45 ,45
62 ,38 ,53 ,53 ,53
63 ,38 ,54 ,54 ,54
64 ,38 ,53 ,53 ,53
65 ,38 ,52 ,52 ,52
66 ,38 ,52 ,52 ,52
67 ,38 ,52 ,52 ,52
68 ,38 ,54 ,54 ,54
69 ,38 ,53 ,53 ,53
70 ,38 ,52 ,52 ,52
71 ,38 ,51 ,51 ,51
72 ,38 ,44 ,44 ,44
73 ,38 ,35 ,35 ,35
74 ,38 ,37 ,37 ,37
75 ,38 ,37 ,37 ,37
76 ,38 ,36 ,36 ,36
0 ,39 ,30 ,30 ,30
1 ,39 ,29 ,29 ,29
2 ,39 ,29 ,29 ,29
3 ,39 ,30 ,30 ,30
4 ,39 ,29 ,29 ,29
5 ,39 ,30 ,30 ,30
6 ,39 ,28 ,28 ,28
7 ,39 ,29 ,29 ,29
8 ,39 ,28 ,28 ,28
9 ,39 ,28 ,28 ,28
10 ,39 ,28 ,28 ,28
11 ,39 ,27 ,27 ,27
12 ,39 ,27 ,27 ,27
13 ,39 ,27 ,27 ,27
14 ,39 ,26 ,26 ,26
15 ,39 ,26 ,26 ,26
16 ,39 ,26 ,26 ,26
17 ,39 ,26 ,26 ,26
18 ,39 ,26 ,26 ,26
19 ,39 ,27 ,27 ,27
20 ,39 ,39 ,39 ,39
21 ,39 ,46 ,46 ,46
22 ,39 ,47 ,47 ,47
23 ,39 ,42 ,42 ,42
24 ,39 ,29 ,29 ,29
25 ,39 ,32 ,32 ,32
26 ,39 ,31 ,31 ,31
27 ,39 ,37 ,37 ,37
28 ,39 ,36 ,36 ,36
29 ,39 ,37 ,37 ,37
30 ,39 ,32 ,32 ,32
31 ,39 ,51 ,51 ,51
32 ,39 ,71 ,71 ,71
33 ,39 ,44 ,44 ,44
34 ,39 ,37 ,37 ,37
35 ,39 ,36 ,36 ,36
36 ,39 ,35 ,35 ,35
37 ,39 ,38 ,38 ,38
38 ,39 ,36 ,36 ,36
39 ,39 ,37 ,37 ,37
40 ,39 ,37 ,37 ,37
41 ,39 ,39 ,39 ,39
42 ,39 ,62 ,62 ,62
43 ,39 ,73 ,73 ,73
44 ,39 ,48 ,48 ,48
45 ,39 ,36 ,36 ,36
46 ,39 ,37 ,37 ,37
47 ,39 ,38 ,38 ,38
48 ,39 ,37 ,37 ,37
49 ,39 ,37 ,37 ,37
50 ,39 ,38 ,38 ,38
51 ,39 ,37 ,37 ,37
52 ,39 ,37 ,37 ,37
53 ,39 ,32 ,32 ,32
54 ,39 ,31 ,31 ,31
55 ,39 ,33 ,33 ,33
56 ,39 ,29 ,29 ,29
57 ,39 ,27 ,27 ,27
58 ,39 ,27 ,27 ,27
59 ,39 ,27 ,27 ,27
60 ,39 ,31 ,31 ,31
61 ,39 ,46 ,46 ,46
62 ,39 ,53 ,53 ,53
63 ,39 ,53 ,53 ,53
64 ,39 ,53 ,53 ,53
65 ,39 ,54 ,54 ,54
66 ,39 ,52 ,52 ,52
67 ,39 ,53 ,53 ,53
68 ,39 ,54 ,54 ,54
69 ,39 ,53 ,53 ,53
70 ,39 ,53 ,53 ,53
71 ,39 ,52 ,52 ,52
72 ,39 ,43 ,43 ,43
73 ,39 ,36 ,36 ,36
74 ,39 ,37 ,37 ,37
75 ,39 ,37 ,37 ,37
76 ,39 ,36 ,36 ,36
0 ,40 ,32 ,32 ,32
1 ,40 ,32 ,32 ,32
2 ,40 ,31 ,31 ,31
3 ,40 ,31 ,31 ,31
4 ,40 ,30 ,30 ,30
5 ,40 ,30 ,30 ,30
6 ,40 ,29 ,29 ,29
7 ,40 ,29 ,29 ,29
8 ,40 ,29 ,29 ,29
9 ,40 ,30 ,30 ,30
10 ,40 ,29 ,29 ,29
11 ,40 ,29 ,29 ,29
12 ,40 ,28 ,28 ,28
13 ,40 ,28 ,28 ,28
14 ,40 ,27 ,27 ,27
15 ,40 ,27 ,27 ,27
16 ,40 ,27 ,27 ,27
17 ,40 ,27 ,27 ,27
18 ,40 ,26 ,26 ,26
19 ,40 ,29 ,29 ,29
20 ,40 ,42 ,42 ,42
21 ,40 ,46 ,46 ,46
22 ,40 ,46 ,46 ,46
23 ,40 ,39 ,39 ,39
24 ,40 ,29 ,29 ,29
25 ,40 ,34 ,34 ,34
26 ,40 ,35 ,35 ,35
27 ,40 ,39 ,39 ,39
28 ,40 ,44 ,44 ,44
29 ,40 ,47 ,47 ,47
30 ,40 ,35 ,35 ,35
31 ,40 ,57 ,57 ,57
32 ,40 ,75 ,75 ,75
33 ,40 ,51 ,51 ,51
34 ,40 ,35 ,35 ,35
35 ,40 ,36 ,36 ,36
36 ,40 ,35 ,35 ,35
37 ,40 ,35 ,35 ,35
38 ,40 ,33 ,33 ,33
39 ,40 ,36 ,36 ,36
40 ,40 ,37 ,37 ,37
41 ,40 ,39 ,39 ,39
42 ,40 ,61 ,61 ,61
43 ,40 ,74 ,74 ,74
44 ,40 ,47 ,47 ,47
45 ,40 ,36 ,36 ,36
46 ,40 ,37 ,37 ,37
47 ,40 ,37 ,37 ,37
48 ,40 ,37 ,37 ,37
49 ,40 ,38 ,38 ,38
50 ,40 ,37 ,37 ,37
51 ,40 ,38 ,38 ,38
52 ,40 ,36 ,36 ,36
53 ,40 ,32 ,32 ,32
54 ,40 ,31 ,31 ,31
55 ,40 ,33 ,33 ,33
56 ,40 ,30 ,30 ,30
57 ,40 ,27 ,27 ,27
58 ,40 ,26 ,26 ,26
59 ,40 ,27 ,27 ,27
60 ,40 ,32 ,32 ,32
61 ,40 ,47 ,47 ,47
62 ,40 ,52 ,52 ,52
63 ,40 ,53 ,53 ,53
64 ,40 ,53 ,53 ,53
65 ,40 ,53 ,53 ,53
66 ,40 ,52 ,52 ,52
67 ,40 ,53 ,53 ,53
68 ,40 ,54 ,54 ,54
69 ,40 ,53 ,53 ,53
70 ,40 ,53 ,53 ,53
71 ,40 ,51 ,51 ,51
72 ,40 ,42 ,42 ,42
73 ,40 ,36 ,36 ,36
74 ,40 ,36 ,36 ,36
75 ,40 ,36 ,36 ,36
76 ,40 ,37 ,37 ,37
0 ,41 ,34 ,34 ,34
1 ,41 ,32 ,32 ,32
2 ,41 ,33 ,33 ,33
3 ,41 ,33 ,33 ,33
4 ,41 ,31 ,31 ,31
5 ,41 ,30 ,30 ,30
6 ,41 ,30 ,30 ,30
7 ,41 ,31 ,31 ,31
8 ,41 ,29 ,29 ,29
9 ,41 ,30 ,30 ,30
10 ,41 ,29 ,29 ,29
11 ,41 ,30 ,30 ,30
12 ,41 ,28 ,28 ,28
13 ,41 ,28 ,28 ,28
14 ,41 ,28 ,28 ,28
15 ,41 ,29 ,29 ,29
16 ,41 ,27 ,27 ,27
17 ,41 ,27 ,27 ,27
18 ,41 ,27 ,27 ,27
19 ,41 ,31 ,31 ,31
20 ,41 ,42 ,42 ,42
21 ,41 ,45 ,45 ,45
22 ,41 ,43 ,43 ,43
23 ,41 ,34 ,34 ,34
24 ,41 ,28 ,28 ,28
25 ,41 ,31 ,31 ,31
26 ,41 ,35 ,35 ,35
27 ,41 ,34 ,34 ,34
28 ,41 ,37 ,37 ,37
29 ,41 ,36 ,36 ,36
30 ,41 ,36 ,36 ,36
31 ,41 ,66 ,66 ,66
32 ,41 ,78 ,78 ,78
33 ,41 ,59 ,59 ,59
34 ,41 ,33 ,33 ,33
35 ,41 ,32 ,32 ,32
36 ,41 ,32 ,32 ,32
37 ,41 ,30 ,30 ,30
38 ,41 ,33 ,33 ,33
39 ,41 ,36 ,36 ,36
40 ,41 ,36 ,36 ,36
41 ,41 ,40 ,40 ,40
42 ,41 ,63 ,63 ,63
43 ,41 ,73 ,73 ,73
44 ,41 ,48 ,48 ,48
45 ,41 ,37 ,37 ,37
46 ,41 ,38 ,38 ,38
47 ,41 ,38 ,38 ,38
48 ,41 ,38 ,38 ,38
49 ,41 ,38 ,38 ,38
50 ,41 ,38 ,38 ,38
51 ,41 ,38 ,38 ,38
52 ,41 ,36 ,36 ,36
53 ,41 ,32 ,32 ,32
54 ,41 ,32 ,32 ,32
55 ,41 ,33 ,33 ,33
56 ,41 ,30 ,30 ,30
57 ,41 ,27 ,27 ,27
58 ,41 ,26 ,26 ,26
59 ,41 ,26 ,26 ,26
60 ,41 ,32 ,32 ,32
61 ,41 ,46 ,46 ,46
62 ,41 ,50 ,50 ,50
63 ,41 ,51 ,51 ,51
64 ,41 ,51 ,51 ,51
65 ,41 ,51 ,51 ,51
66 ,41 ,51 ,51 ,51
67 ,41 ,51 ,51 ,51
68 ,41 ,51 ,51 ,51
69 ,41 ,51 ,51 ,51
70 ,41 ,50 ,50 ,50
71 ,41 ,49 ,49 ,49
72 ,41 ,42 ,42 ,42
73 ,41 ,36 ,36 ,36
74 ,41 ,37 ,37 ,37
75 ,41 ,37 ,37 ,37
76 ,41 ,37 ,37 ,37
0 ,42 ,36 ,36 ,36
1 ,42 ,36 ,36 ,36
2 ,42 ,36 ,36 ,36
3 ,42 ,34 ,34 ,34
4 ,42 ,35 ,35 ,35
5 ,42 ,34 ,34 ,34
6 ,42 ,32 ,32 ,32
7 ,42 ,32 ,32 ,32
8 ,42 ,32 ,32 ,32
9 ,42 ,31 ,31 ,31
10 ,42 ,30 ,30 ,30
11 ,42 ,31 ,31 ,31
12 ,42 ,31 ,31 ,31
13 ,42 ,28 ,28 ,28
14 ,42 ,29 ,29 ,29
15 ,42 ,28 ,28 ,28
16 ,42 ,28 ,28 ,28
17 ,42 ,29 ,29 ,29
18 ,42 ,28 ,28 ,28
19 ,42 ,32 ,32 ,32
20 ,42 ,41 ,41 ,41
21 ,42 ,46 ,46 ,46
22 ,42 ,43 ,43 ,43
23 ,42 ,32 ,32 ,32
24 ,42 ,30 ,30 ,30
25 ,42 ,33 ,33 ,33
26 ,42 ,42 ,42 ,42
27 ,42 ,43 ,43 ,43
28 ,42 ,44 ,44 ,44
29 ,42 ,37 ,37 ,37
30 ,42 ,35 ,35 ,35
31 ,42 ,54 ,54 ,54
32 ,42 ,45 ,45 ,45
33 ,42 ,32 ,32 ,32
34 ,42 ,27 ,27 ,27
35 ,42 ,26 ,26 ,26
36 ,42 ,27 ,27 ,27
37 ,42 ,27 ,27 ,27
38 ,42 ,33 ,33 ,33
39 ,42 ,36 ,36 ,36
40 ,42 ,37 ,37 ,37
41 ,42 ,39 ,39 ,39
42 ,42 ,65 ,65 ,65
43 ,42 ,74 ,74 ,74
44 ,42 ,45 ,45 ,45
45 ,42 ,37 ,37 ,37
46 ,42 ,36 ,36 ,36
47 ,42 ,37 ,37 ,37
48 ,42 ,37 ,37 ,37
49 ,42 ,37 ,37 ,37
50 ,42 ,38 ,38 ,38
51 ,42 ,37 ,37 ,37
52 ,42 ,35 ,35 ,35
53 ,42 ,32 ,32 ,32
54 ,42 ,32 ,32 ,32
55 ,42 ,36 ,36 ,36
56 ,42 ,34 ,34 ,34
57 ,42 ,27 ,27 ,27
58 ,42 ,26 ,26 ,26
59 ,42 ,26 ,26 ,26
60 ,42 ,28 ,28 ,28
61 ,42 ,34 ,34 ,34
62 ,42 ,43 ,43 ,43
63 ,42 ,52 ,52 ,52
64 ,42 ,52 ,52 ,52
65 ,42 ,55 ,55 ,55
66 ,42 ,52 ,52 ,52
67 ,42 ,52 ,52 ,52
68 ,42 ,52 ,52 ,52
69 ,42 ,50 ,50 ,50
70 ,42 ,46 ,46 ,46
71 ,42 ,36 ,36 ,36
72 ,42 ,35 ,35 ,35
73 ,42 ,37 ,37 ,37
74 ,42 ,38 ,38 ,38
75 ,42 ,36 ,36 ,36
76 ,42 ,37 ,37 ,37
0 ,43 ,36 ,36 ,36
1 ,43 ,35 ,35 ,35
2 ,43 ,34 ,34 ,34
3 ,43 ,34 ,34 ,34
4 ,43 ,37 ,37 ,37
5 ,43 ,36 ,36 ,36
6 ,43 ,36 ,36 ,36
7 ,43 ,36 ,36 ,36
8 ,43 ,34 ,34 ,34
9 ,43 ,33 ,33 ,33
10 ,43 ,33 ,33 ,33
11 ,43 ,31 ,31 ,31
12 ,43 ,31 ,31 ,31
13 ,43 ,30 ,30 ,30
14 ,43 ,30 ,30 ,30
15 ,43 ,29 ,29 ,29
16 ,43 ,29 ,29 ,29
17 ,43 ,28 ,28 ,28
18 ,43 ,28 ,28 ,28
19 ,43 ,31 ,31 ,31
20 ,43 ,37 ,37 ,37
21 ,43 ,45 ,45 ,45
22 ,43 ,43 ,43 ,43
23 ,43 ,31 ,31 ,31
24 ,43 ,28 ,28 ,28
25 ,43 ,28 ,28 ,28
26 ,43 ,31 ,31 ,31
27 ,43 ,38 ,38 ,38
28 ,43 ,41 ,41 ,41
29 ,43 ,33 ,33 ,33
30 ,43 ,30 ,30 ,30
31 ,43 ,32 ,32 ,32
32 ,43 ,30 ,30 ,30
33 ,43 ,27 ,27 ,27
34 ,43 ,27 ,27 ,27
35 ,43 ,27 ,27 ,27
36 ,43 ,26 ,26 ,26
37 ,43 ,27 ,27 ,27
38 ,43 ,33 ,33 ,33
39 ,43 ,37 ,37 ,37
40 ,43 ,36 ,36 ,36
41 ,43 ,39 ,39 ,39
42 ,43 ,64 ,64 ,64
43 ,43 ,74 ,74 ,74
44 ,43 ,44 ,44 ,44
45 ,43 ,37 ,37 ,37
46 ,43 ,38 ,38 ,38
47 ,43 ,37 ,37 ,37
48 ,43 ,37 ,37 ,37
49 ,43 ,37 ,37 ,37
50 ,43 ,38 ,38 ,38
51 ,43 ,38 ,38 ,38
52 ,43 ,36 ,36 ,36
53 ,43 ,33 ,33 ,33
54 ,43 ,31 ,31 ,31
55 ,43 ,35 ,35 ,35
56 ,43 ,34 ,34 ,34
57 ,43 ,28 ,28 ,28
58 ,43 ,27 ,27 ,27
59 ,43 ,27 ,27 ,27
60 ,43 ,27 ,27 ,27
61 ,43 ,28 ,28 ,28
62 ,43 ,43 ,43 ,43
63 ,43 ,56 ,56 ,56
64 ,43 ,57 ,57 ,57
65 ,43 ,58 ,58 ,58
66 ,43 ,55 ,55 ,55
67 ,43 ,55 ,55 ,55
68 ,43 ,56 ,56 ,56
69 ,43 ,55 ,55 ,55
70 ,43 ,46 ,46 ,46
71 ,43 ,35 ,35 ,35
72 ,43 ,36 ,36 ,36
73 ,43 ,36 ,36 ,36
74 ,43 ,37 ,37 ,37
75 ,43 ,37 ,37 ,37
76 ,43 ,37 ,37 ,37
0 ,44 ,32 ,32 ,32
1 ,44 ,32 ,32 ,32
2 ,44 ,32 ,32 ,32
3 ,44 ,33 ,33 ,33
4 ,44 ,33 ,33 ,33
5 ,44 ,34 ,34 ,34
6 ,44 ,34 ,34 ,34
7 ,44 ,36 ,36 ,36
8 ,44 ,36 ,36 ,36
9 ,44 ,34 ,34 ,34
10 ,44 ,34 ,34 ,34
11 ,44 ,34 ,34 ,34
12 ,44 ,33 ,33 ,33
13 ,44 ,32 ,32 ,32
14 ,44 ,29 ,29 ,29
15 ,44 ,30 ,30 ,30
16 ,44 ,30 ,30 ,30
17 ,44 ,29 ,29 ,29
18 ,44 ,29 ,29 ,29
19 ,44 ,29 ,29 ,29
20 ,44 ,30 ,30 ,30
21 ,44 ,38 ,38 ,38
22 ,44 ,40 ,40 ,40
23 ,44 ,33 ,33 ,33
24 ,44 ,31 ,31 ,31
25 ,44 ,28 ,28 ,28
26 ,44 ,31 ,31 ,31
27 ,44 ,32 ,32 ,32
28 ,44 ,34 ,34 ,34
29 ,44 ,29 ,29 ,29
30 ,44 ,29 ,29 ,29
31 ,44 ,32 ,32 ,32
32 ,44 ,31 ,31 ,31
33 ,44 ,27 ,27 ,27
34 ,44 ,28 ,28 ,28
35 ,44 ,27 ,27 ,27
36 ,44 ,26 ,26 ,26
37 ,44 ,27 ,27 ,27
38 ,44 ,33 ,33 ,33
39 ,44 ,36 ,36 ,36
40 ,44 ,37 ,37 ,37
41 ,44 ,39 ,39 ,39
42 ,44 ,65 ,65 ,65
43 ,44 ,73 ,73 ,73
44 ,44 ,44 ,44 ,44
45 ,44 ,34 ,34 ,34
46 ,44 ,38 ,38 ,38
47 ,44 ,37 ,37 ,37
48 ,44 ,37 ,37 ,37
49 ,44 ,38 ,38 ,38
50 ,44 ,38 ,38 ,38
51 ,44 ,37 ,37 ,37
52 ,44 ,35 ,35 ,35
53 ,44 ,31 ,31 ,31
54 ,44 ,31 ,31 ,31
55 ,44 ,35 ,35 ,35
56 ,44 ,36 ,36 ,36
57 ,44 ,29 ,29 ,29
58 ,44 ,27 ,27 ,27
59 ,44 ,27 ,27 ,27
60 ,44 ,27 ,27 ,27
61 ,44 ,27 ,27 ,27
62 ,44 ,44 ,44 ,44
63 ,44 ,57 ,57 ,57
64 ,44 ,59 ,59 ,59
65 ,44 ,58 ,58 ,58
66 ,44 ,57 ,57 ,57
67 ,44 ,55 ,55 ,55
68 ,44 ,55 ,55 ,55
69 ,44 ,54 ,54 ,54
70 ,44 ,46 ,46 ,46
71 ,44 ,36 ,36 ,36
72 ,44 ,37 ,37 ,37
73 ,44 ,37 ,37 ,37
74 ,44 ,38 ,38 ,38
75 ,44 ,38 ,38 ,38
76 ,44 ,37 ,37 ,37
0 ,45 ,32 ,32 ,32
1 ,45 ,32 ,32 ,32
2 ,45 ,31 ,31 ,31
3 ,45 ,31 ,31 ,31
4 ,45 ,32 ,32 ,32
5 ,45 ,31 ,31 ,31
6 ,45 ,31 ,31 ,31
7 ,45 ,33 ,33 ,33
8 ,45 ,32 ,32 ,32
9 ,45 ,31 ,31 ,31
10 ,45 ,33 ,33 ,33
11 ,45 ,33 ,33 ,33
12 ,45 ,33 ,33 ,33
13 ,45 ,33 ,33 ,33
14 ,45 ,32 ,32 ,32
15 ,45 ,31 ,31 ,31
16 ,45 ,30 ,30 ,30
17 ,45 ,29 ,29 ,29
18 ,45 ,31 ,31 ,31
19 ,45 ,30 ,30 ,30
20 ,45 ,30 ,30 ,30
21 ,45 ,32 ,32 ,32
22 ,45 ,34 ,34 ,34
23 ,45 ,36 ,36 ,36
24 ,45 ,38 ,38 ,38
25 ,45 ,36 ,36 ,36
26 ,45 ,31 ,31 ,31
27 ,45 ,34 ,34 ,34
28 ,45 ,41 ,41 ,41
29 ,45 ,31 ,31 ,31
30 ,45 ,30 ,30 ,30
31 ,45 ,33 ,33 ,33
32 ,45 ,30 ,30 ,30
33 ,45 ,28 ,28 ,28
34 ,45 ,26 ,26 ,26
35 ,45 ,27 ,27 ,27
36 ,45 ,28 ,28 ,28
37 ,45 ,27 ,27 ,27
38 ,45 ,33 ,33 ,33
39 ,45 ,34 ,34 ,34
40 ,45 ,37 ,37 ,37
41 ,45 ,39 ,39 ,39
42 ,45 ,65 ,65 ,65
43 ,45 ,73 ,73 ,73
44 ,45 ,47 ,47 ,47
45 ,45 ,36 ,36 ,36
46 ,45 ,38 ,38 ,38
47 ,45 ,38 ,38 ,38
48 ,45 ,38 ,38 ,38
49 ,45 ,38 ,38 ,38
50 ,45 ,38 ,38 ,38
51 ,45 ,37 ,37 ,37
52 ,45 ,34 ,34 ,34
53 ,45 ,31 ,31 ,31
54 ,45 ,32 ,32 ,32
55 ,45 ,36 ,36 ,36
56 ,45 ,36 ,36 ,36
57 ,45 ,28 ,28 ,28
58 ,45 ,26 ,26 ,26
59 ,45 ,26 ,26 ,26
60 ,45 ,27 ,27 ,27
61 ,45 ,29 ,29 ,29
62 ,45 ,42 ,42 ,42
63 ,45 ,58 ,58 ,58
64 ,45 ,58 ,58 ,58
65 ,45 ,58 ,58 ,58
66 ,45 ,58 ,58 ,58
67 ,45 ,57 ,57 ,57
68 ,45 ,55 ,55 ,55
69 ,45 ,54 ,54 ,54
70 ,45 ,46 ,46 ,46
71 ,45 ,37 ,37 ,37
72 ,45 ,36 ,36 ,36
73 ,45 ,38 ,38 ,38
74 ,45 ,37 ,37 ,37
75 ,45 ,37 ,37 ,37
76 ,45 ,37 ,37 ,37
0 ,46 ,37 ,37 ,37
1 ,46 ,36 ,36 ,36
2 ,46 ,34 ,34 ,34
3 ,46 ,32 ,32 ,32
4 ,46 ,32 ,32 ,32
5 ,46 ,31 ,31 ,31
6 ,46 ,31 ,31 ,31
7 ,46 ,31 ,31 ,31
8 ,46 ,31 ,31 ,31
9 ,46 ,33 ,33 ,33
10 ,46 ,31 ,31 ,31
11 ,46 ,31 ,31 ,31
12 ,46 ,32 ,32 ,32
13 ,46 ,32 ,32 ,32
14 ,46 ,33 ,33 ,33
15 ,46 ,32 ,32 ,32
16 ,46 ,32 ,32 ,32
17 ,46 ,30 ,30 ,30
18 ,46 ,29 ,29 ,29
19 ,46 ,30 ,30 ,30
20 ,46 ,29 ,29 ,29
21 ,46 ,29 ,29 ,29
22 ,46 ,31 ,31 ,31
23 ,46 ,38 ,38 ,38
24 ,46 ,38 ,38 ,38
25 ,46 ,39 ,39 ,39
26 ,46 ,34 ,34 ,34
27 ,46 ,31 ,31 ,31
28 ,46 ,34 ,34 ,34
29 ,46 ,29 ,29 ,29
30 ,46 ,31 ,31 ,31
31 ,46 ,33 ,33 ,33
32 ,46 ,31 ,31 ,31
33 ,46 ,27 ,27 ,27
34 ,46 ,26 ,26 ,26
35 ,46 ,27 ,27 ,27
36 ,46 ,27 ,27 ,27
37 ,46 ,27 ,27 ,27
38 ,46 ,33 ,33 ,33
39 ,46 ,36 ,36 ,36
40 ,46 ,36 ,36 ,36
41 ,46 ,42 ,42 ,42
42 ,46 ,69 ,69 ,69
43 ,46 ,71 ,71 ,71
44 ,46 ,40 ,40 ,40
45 ,46 ,36 ,36 ,36
46 ,46 ,37 ,37 ,37
47 ,46 ,37 ,37 ,37
48 ,46 ,37 ,37 ,37
49 ,46 ,38 ,38 ,38
50 ,46 ,37 ,37 ,37
51 ,46 ,37 ,37 ,37
52 ,46 ,35 ,35 ,35
53 ,46 ,31 ,31 ,31
54 ,46 ,32 ,32 ,32
55 ,46 ,36 ,36 ,36
56 ,46 ,35 ,35 ,35
57 ,46 ,28 ,28 ,28
58 ,46 ,27 ,27 ,27
59 ,46 ,27 ,27 ,27
60 ,46 ,26 ,26 ,26
61 ,46 ,28 ,28 ,28
62 ,46 ,44 ,44 ,44
63 ,46 ,57 ,57 ,57
64 ,46 ,58 ,58 ,58
65 ,46 ,57 ,57 ,57
66 ,46 ,59 ,59 ,59
67 ,46 ,56 ,56 ,56
68 ,46 ,55 ,55 ,55
69 ,46 ,53 ,53 ,53
70 ,46 ,45 ,45 ,45
71 ,46 ,37 ,37 ,37
72 ,46 ,37 ,37 ,37
73 ,46 ,36 ,36 ,36
74 ,46 ,36 ,36 ,36
75 ,46 ,38 ,38 ,38
76 ,46 ,37 ,37 ,37
0 ,47 ,46 ,46 ,46
1 ,47 ,46 ,46 ,46
2 ,47 ,46 ,46 ,46
3 ,47 ,44 ,44 ,44
4 ,47 ,41 ,41 ,41
5 ,47 ,42 ,42 ,42
6 ,47 ,40 ,40 ,40
7 ,47 ,37 ,37 ,37
8 ,47 ,36 ,36 ,36
9 ,47 ,34 ,34 ,34
10 ,47 ,34 ,34 ,34
11 ,47 ,31 ,31 ,31
12 ,47 ,31 ,31 ,31
13 ,47 ,31 ,31 ,31
14 ,47 ,33 ,33 ,33
15 ,47 ,33 ,33 ,33
16 ,47 ,33 ,33 ,33
17 ,47 ,32 ,32 ,32
18 ,47 ,29 ,29 ,29
19 ,47 ,30 ,30 ,30
20 ,47 ,29 ,29 ,29
21 ,47 ,29 ,29 ,29
22 ,47 ,29 ,29 ,29
23 ,47 ,33 ,33 ,33
24 ,47 ,39 ,39 ,39
25 ,47 ,38 ,38 ,38
26 ,47 ,32 ,32 ,32
27 ,47 ,36 ,36 ,36
28 ,47 ,31 ,31 ,31
29 ,47 ,29 ,29 ,29
30 ,47 ,33 ,33 ,33
31 ,47 ,34 ,34 ,34
32 ,47 ,31 ,31 ,31
33 ,47 ,28 ,28 ,28
34 ,47 ,27 ,27 ,27
35 ,47 ,27 ,27 ,27
36 ,47 ,28 ,28 ,28
37 ,47 ,27 ,27 ,27
38 ,47 ,31 ,31 ,31
39 ,47 ,36 ,36 ,36
40 ,47 ,38 ,38 ,38
41 ,47 ,43 ,43 ,43
42 ,47 ,70 ,70 ,70
43 ,47 ,72 ,72 ,72
44 ,47 ,38 ,38 ,38
45 ,47 ,35 ,35 ,35
46 ,47 ,35 ,35 ,35
47 ,47 ,35 ,35 ,35
48 ,47 ,35 ,35 ,35
49 ,47 ,36 ,36 ,36
50 ,47 ,35 ,35 ,35
51 ,47 ,34 ,34 ,34
52 ,47 ,33 ,33 ,33
53 ,47 ,31 ,31 ,31
54 ,47 ,31 ,31 ,31
55 ,47 ,36 ,36 ,36
56 ,47 ,36 ,36 ,36
57 ,47 ,28 ,28 ,28
58 ,47 ,26 ,26 ,26
59 ,47 ,28 ,28 ,28
60 ,47 ,28 ,28 ,28
61 ,47 ,29 ,29 ,29
62 ,47 ,43 ,43 ,43
63 ,47 ,57 ,57 ,57
64 ,47 ,58 ,58 ,58
65 ,47 ,58 ,58 ,58
66 ,47 ,59 ,59 ,59
67 ,47 ,56 ,56 ,56
68 ,47 ,55 ,55 ,55
69 ,47 ,54 ,54 ,54
70 ,47 ,47 ,47 ,47
71 ,47 ,34 ,34 ,34
72 ,47 ,33 ,33 ,33
73 ,47 ,34 ,34 ,34
74 ,47 ,33 ,33 ,33
75 ,47 ,34 ,34 ,34
76 ,47 ,34 ,34 ,34
0 ,48 ,46 ,46 ,46
1 ,48 ,45 ,45 ,45
2 ,48 ,45 ,45 ,45
3 ,48 ,46 ,46 ,46
4 ,48 ,47 ,47 ,47
5 ,48 ,46 ,46 ,46
6 ,48 ,47 ,47 ,47
7 ,48 ,45 ,45 ,45
8 ,48 ,45 ,45 ,45
9 ,48 ,44 ,44 ,44
10 ,48 ,44 ,44 ,44
11 ,48 ,39 ,39 ,39
12 ,48 ,38 ,38 ,38
13 ,48 ,35 ,35 ,35
14 ,48 ,33 ,33 ,33
15 ,48 ,32 ,32 ,32
16 ,48 ,32 ,32 ,32
17 ,48 ,33 ,33 ,33
18 ,48 ,31 ,31 ,31
19 ,48 ,30 ,30 ,30
20 ,48 ,30 ,30 ,30
21 ,48 ,30 ,30 ,30
22 ,48 ,30 ,30 ,30
23 ,48 ,33 ,33 ,33
24 ,48 ,40 ,40 ,40
25 ,48 ,38 ,38 ,38
26 ,48 ,31 ,31 ,31
27 ,48 ,41 ,41 ,41
28 ,48 ,33 ,33 ,33
29 ,48 ,30 ,30 ,30
30 ,48 ,31 ,31 ,31
31 ,48 ,32 ,32 ,32
32 ,48 ,32 ,32 ,32
33 ,48 ,31 ,31 ,31
34 ,48 ,29 ,29 ,29
35 ,48 ,30 ,30 ,30
36 ,48 ,29 ,29 ,29
37 ,48 ,31 ,31 ,31
38 ,48 ,28 ,28 ,28
39 ,48 ,30 ,30 ,30
40 ,48 ,33 ,33 ,33
41 ,48 ,45 ,45 ,45
42 ,48 ,70 ,70 ,70
43 ,48 ,68 ,68 ,68
44 ,48 ,33 ,33 ,33
45 ,48 ,33 ,33 ,33
46 ,48 ,34 ,34 ,34
47 ,48 ,34 ,34 ,34
48 ,48 ,33 ,33 ,33
49 ,48 ,33 ,33 ,33
50 ,48 ,33 ,33 ,33
51 ,48 ,33 ,33 ,33
52 ,48 ,33 ,33 ,33
53 ,48 ,32 ,32 ,32
54 ,48 ,31 ,31 ,31
55 ,48 ,32 ,32 ,32
56 ,48 ,31 ,31 ,31
57 ,48 ,28 ,28 ,28
58 ,48 ,28 ,28 ,28
59 ,48 ,29 ,29 ,29
60 ,48 ,28 ,28 ,28
61 ,48 ,30 ,30 ,30
62 ,48 ,45 ,45 ,45
63 ,48 ,58 ,58 ,58
64 ,48 ,59 ,59 ,59
65 ,48 ,57 ,57 ,57
66 ,48 ,57 ,57 ,57
67 ,48 ,58 ,58 ,58
68 ,48 ,57 ,57 ,57
69 ,48 ,55 ,55 ,55
70 ,48 ,46 ,46 ,46
71 ,48 ,33 ,33 ,33
72 ,48 ,33 ,33 ,33
73 ,48 ,33 ,33 ,33
74 ,48 ,33 ,33 ,33
75 ,48 ,33 ,33 ,33
76 ,48 ,33 ,33 ,33
0 ,49 ,42 ,42 ,42
1 ,49 ,41 ,41 ,41
2 ,49 ,41 ,41 ,41
3 ,49 ,43 ,43 ,43
4 ,49 ,43 ,43 ,43
5 ,49 ,43 ,43 ,43
6 ,49 ,44 ,44 ,44
7 ,49 ,44 ,44 ,44
8 ,49 ,44 ,44 ,44
9 ,49 ,44 ,44 ,44
10 ,49 ,44 ,44 ,44
11 ,49 ,43 ,43 ,43
12 ,49 ,43 ,43 ,43
13 ,49 ,41 ,41 ,41
14 ,49 ,40 ,40 ,40
15 ,49 ,37 ,37 ,37
16 ,49 ,34 ,34 ,34
17 ,49 ,35 ,35 ,35
18 ,49 ,31 ,31 ,31
19 ,49 ,32 ,32 ,32
20 ,49 ,30 ,30 ,30
21 ,49 ,30 ,30 ,30
22 ,49 ,28 ,28 ,28
23 ,49 ,32 ,32 ,32
24 ,49 ,38 ,38 ,38
25 ,49 ,37 ,37 ,37
26 ,49 ,32 ,32 ,32
27 ,49 ,33 ,33 ,33
28 ,49 ,28 ,28 ,28
29 ,49 ,30 ,30 ,30
30 ,49 ,32 ,32 ,32
31 ,49 ,31 ,31 ,31
32 ,49 ,31 ,31 ,31
33 ,49 ,32 ,32 ,32
34 ,49 ,31 ,31 ,31
35 ,49 ,31 ,31 ,31
36 ,49 ,31 ,31 ,31
37 ,49 ,30 ,30 ,30
38 ,49 ,31 ,31 ,31
39 ,49 ,33 ,33 ,33
40 ,49 ,32 ,32 ,32
41 ,49 ,54 ,54 ,54
42 ,49 ,73 ,73 ,73
43 ,49 ,55 ,55 ,55
44 ,49 ,33 ,33 ,33
45 ,49 ,34 ,34 ,34
46 ,49 ,34 ,34 ,34
47 ,49 ,33 ,33 ,33
48 ,49 ,33 ,33 ,33
49 ,49 ,34 ,34 ,34
50 ,49 ,33 ,33 ,33
51 ,49 ,33 ,33 ,33
52 ,49 ,32 ,32 ,32
53 ,49 ,31 ,31 ,31
54 ,49 ,31 ,31 ,31
55 ,49 ,33 ,33 ,33
56 ,49 ,31 ,31 ,31
57 ,49 ,27 ,27 ,27
58 ,49 ,28 ,28 ,28
59 ,49 ,28 ,28 ,28
60 ,49 ,30 ,30 ,30
61 ,49 ,32 ,32 ,32
62 ,49 ,45 ,45 ,45
63 ,49 ,57 ,57 ,57
64 ,49 ,57 ,57 ,57
65 ,49 ,58 ,58 ,58
66 ,49 ,59 ,59 ,59
67 ,49 ,56 ,56 ,56
68 ,49 ,56 ,56 ,56
69 ,49 ,54 ,54 ,54
70 ,49 ,46 ,46 ,46
71 ,49 ,33 ,33 ,33
72 ,49 ,33 ,33 ,33
73 ,49 ,32 ,32 ,32
74 ,49 ,34 ,34 ,34
75 ,49 ,33 ,33 ,33
76 ,49 ,32 ,32 ,32
0 ,50 ,41 ,41 ,41
1 ,50 ,41 ,41 ,41
2 ,50 ,41 ,41 ,41
3 ,50 ,41 ,41 ,41
4 ,50 ,41 ,41 ,41
5 ,50 ,41 ,41 ,41
6 ,50 ,41 ,41 ,41
7 ,50 ,40 ,40 ,40
8 ,50 ,40 ,40 ,40
9 ,50 ,41 ,41 ,41
10 ,50 ,41 ,41 ,41
11 ,50 ,41 ,41 ,41
12 ,50 ,41 ,41 ,41
13 ,50 ,42 ,42 ,42
14 ,50 ,41 ,41 ,41
15 ,50 ,40 ,40 ,40
16 ,50 ,39 ,39 ,39
17 ,50 ,37 ,37 ,37
18 ,50 ,33 ,33 ,33
19 ,50 ,31 ,31 ,31
20 ,50 ,33 ,33 ,33
21 ,50 ,30 ,30 ,30
22 ,50 ,29 ,29 ,29
23 ,50 ,31 ,31 ,31
24 ,50 ,35 ,35 ,35
25 ,50 ,35 ,35 ,35
26 ,50 ,33 ,33 ,33
27 ,50 ,37 ,37 ,37
28 ,50 ,32 ,32 ,32
29 ,50 ,30 ,30 ,30
30 ,50 ,30 ,30 ,30
31 ,50 ,32 ,32 ,32
32 ,50 ,33 ,33 ,33
33 ,50 ,31 ,31 ,31
34 ,50 ,31 ,31 ,31
35 ,50 ,31 ,31 ,31
36 ,50 ,29 ,29 ,29
37 ,50 ,30 ,30 ,30
38 ,50 ,31 ,31 ,31
39 ,50 ,31 ,31 ,31
40 ,50 ,33 ,33 ,33
41 ,50 ,67 ,67 ,67
42 ,50 ,72 ,72 ,72
43 ,50 ,44 ,44 ,44
44 ,50 ,33 ,33 ,33
45 ,50 ,33 ,33 ,33
46 ,50 ,34 ,34 ,34
47 ,50 ,33 ,33 ,33
48 ,50 ,34 ,34 ,34
49 ,50 ,33 ,33 ,33
50 ,50 ,33 ,33 ,33
51 ,50 ,33 ,33 ,33
52 ,50 ,32 ,32 ,32
53 ,50 ,30 ,30 ,30
54 ,50 ,31 ,31 ,31
55 ,50 ,33 ,33 ,33
56 ,50 ,31 ,31 ,31
57 ,50 ,28 ,28 ,28
58 ,50 ,28 ,28 ,28
59 ,50 ,30 ,30 ,30
60 ,50 ,28 ,28 ,28
61 ,50 ,32 ,32 ,32
62 ,50 ,46 ,46 ,46
63 ,50 ,58 ,58 ,58
64 ,50 ,57 ,57 ,57
65 ,50 ,58 ,58 ,58
66 ,50 ,59 ,59 ,59
67 ,50 ,57 ,57 ,57
68 ,50 ,56 ,56 ,56
69 ,50 ,55 ,55 ,55
70 ,50 ,46 ,46 ,46
71 ,50 ,33 ,33 ,33
72 ,50 ,33 ,33 ,33
73 ,50 ,33 ,33 ,33
74 ,50 ,32 ,32 ,32
75 ,50 ,33 ,33 ,33
76 ,50 ,32 ,32 ,32
0 ,51 ,42 ,42 ,42
1 ,51 ,41 ,41 ,41
2 ,51 ,42 ,42 ,42
3 ,51 ,41 ,41 ,41
4 ,51 ,41 ,41 ,41
5 ,51 ,41 ,41 ,41
6 ,51 ,41 ,41 ,41
7 ,51 ,40 ,40 ,40
8 ,51 ,41 ,41 ,41
9 ,51 ,41 ,41 ,41
10 ,51 ,39 ,39 ,39
11 ,51 ,41 ,41 ,41
12 ,51 ,39 ,39 ,39
13 ,51 ,41 ,41 ,41
14 ,51 ,40 ,40 ,40
15 ,51 ,40 ,40 ,40
16 ,51 ,41 ,41 ,41
17 ,51 ,39 ,39 ,39
18 ,51 ,39 ,39 ,39
19 ,51 ,33 ,33 ,33
20 ,51 ,32 ,32 ,32
21 ,51 ,29 ,29 ,29
22 ,51 ,29 ,29 ,29
23 ,51 ,29 ,29 ,29
24 ,51 ,34 ,34 ,34
25 ,51 ,33 ,33 ,33
26 ,51 ,30 ,30 ,30
27 ,51 ,33 ,33 ,33
28 ,51 ,28 ,28 ,28
29 ,51 ,33 ,33 ,33
30 ,51 ,31 ,31 ,31
31 ,51 ,30 ,30 ,30
32 ,51 ,30 ,30 ,30
33 ,51 ,31 ,31 ,31
34 ,51 ,32 ,32 ,32
35 ,51 ,32 ,32 ,32
36 ,51 ,32 ,32 ,32
37 ,51 ,32 ,32 ,32
38 ,51 ,31 ,31 ,31
39 ,51 ,32 ,32 ,32
40 ,51 ,47 ,47 ,47
41 ,51 ,71 ,71 ,71
42 ,51 ,65 ,65 ,65
43 ,51 ,36 ,36 ,36
44 ,51 ,33 ,33 ,33
45 ,51 ,33 ,33 ,33
46 ,51 ,33 ,33 ,33
47 ,51 ,34 ,34 ,34
48 ,51 ,32 ,32 ,32
49 ,51 ,34 ,34 ,34
50 ,51 ,33 ,33 ,33
51 ,51 ,32 ,32 ,32
52 ,51 ,32 ,32 ,32
53 ,51 ,30 ,30 ,30
54 ,51 ,30 ,30 ,30
55 ,51 ,31 ,31 ,31
56 ,51 ,31 ,31 ,31
57 ,51 ,28 ,28 ,28
58 ,51 ,29 ,29 ,29
59 ,51 ,29 ,29 ,29
60 ,51 ,28 ,28 ,28
61 ,51 ,36 ,36 ,36
62 ,51 ,46 ,46 ,46
63 ,51 ,58 ,58 ,58
64 ,51 ,59 ,59 ,59
65 ,51 ,59 ,59 ,59
66 ,51 ,58 ,58 ,58
67 ,51 ,57 ,57 ,57
68 ,51 ,56 ,56 ,56
69 ,51 ,54 ,54 ,54
70 ,51 ,47 ,47 ,47
71 ,51 ,33 ,33 ,33
72 ,51 ,32 ,32 ,32
73 ,51 ,31 ,31 ,31
74 ,51 ,32 ,32 ,32
75 ,51 ,33 ,33 ,33
76 ,51 ,33 ,33 ,33
0 ,52 ,44 ,44 ,44
1 ,52 ,44 ,44 ,44
2 ,52 ,44 ,44 ,44
3 ,52 ,43 ,43 ,43
4 ,52 ,44 ,44 ,44
5 ,52 ,43 ,43 ,43
6 ,52 ,41 ,41 ,41
7 ,52 ,41 ,41 ,41
8 ,52 ,41 ,41 ,41
9 ,52 ,41 ,41 ,41
10 ,52 ,40 ,40 ,40
11 ,52 ,40 ,40 ,40
12 ,52 ,41 ,41 ,41
13 ,52 ,41 ,41 ,41
14 ,52 ,41 ,41 ,41
15 ,52 ,42 ,42 ,42
16 ,52 ,41 ,41 ,41
17 ,52 ,40 ,40 ,40
18 ,52 ,39 ,39 ,39
19 ,52 ,35 ,35 ,35
20 ,52 ,32 ,32 ,32
21 ,52 ,30 ,30 ,30
22 ,52 ,30 ,30 ,30
23 ,52 ,29 ,29 ,29
24 ,52 ,34 ,34 ,34
25 ,52 ,32 ,32 ,32
26 ,52 ,32 ,32 ,32
27 ,52 ,31 ,31 ,31
28 ,52 ,32 ,32 ,32
29 ,52 ,31 ,31 ,31
30 ,52 ,31 ,31 ,31
31 ,52 ,30 ,30 ,30
32 ,52 ,31 ,31 ,31
33 ,52 ,29 ,29 ,29
34 ,52 ,29 ,29 ,29
35 ,52 ,31 ,31 ,31
36 ,52 ,30 ,30 ,30
37 ,52 ,32 ,32 ,32
38 ,52 ,32 ,32 ,32
39 ,52 ,34 ,34 ,34
40 ,52 ,60 ,60 ,60
41 ,52 ,71 ,71 ,71
42 ,52 ,49 ,49 ,49
43 ,52 ,33 ,33 ,33
44 ,52 ,33 ,33 ,33
45 ,52 ,34 ,34 ,34
46 ,52 ,33 ,33 ,33
47 ,52 ,33 ,33 ,33
48 ,52 ,32 ,32 ,32
49 ,52 ,33 ,33 ,33
50 ,52 ,34 ,34 ,34
51 ,52 ,33 ,33 ,33
52 ,52 ,32 ,32 ,32
53 ,52 ,30 ,30 ,30
54 ,52 ,33 ,33 ,33
55 ,52 ,31 ,31 ,31
56 ,52 ,31 ,31 ,31
57 ,52 ,28 ,28 ,28
58 ,52 ,28 ,28 ,28
59 ,52 ,30 ,30 ,30
60 ,52 ,30 ,30 ,30
61 ,52 ,36 ,36 ,36
62 ,52 ,48 ,48 ,48
63 ,52 ,58 ,58 ,58
64 ,52 ,59 ,59 ,59
65 ,52 ,57 ,57 ,57
66 ,52 ,58 ,58 ,58
67 ,52 ,56 ,56 ,56
68 ,52 ,57 ,57 ,57
69 ,52 ,54 ,54 ,54
70 ,52 ,45 ,45 ,45
71 ,52 ,33 ,33 ,33
72 ,52 ,31 ,31 ,31
73 ,52 ,33 ,33 ,33
74 ,52 ,33 ,33 ,33
75 ,52 ,32 ,32 ,32
76 ,52 ,33 ,33 ,33
0 ,53 ,44 ,44 ,44
1 ,53 ,45 ,45 ,45
2 ,53 ,43 ,43 ,43
3 ,53 ,45 ,45 ,45
4 ,53 ,45 ,45 ,45
5 ,53 ,45 ,45 ,45
6 ,53 ,44 ,44 ,44
7 ,53 ,44 ,44 ,44
8 ,53 ,43 ,43 ,43
9 ,53 ,43 ,43 ,43
10 ,53 ,42 ,42 ,42
11 ,53 ,42 ,42 ,42
12 ,53 ,42 ,42 ,42
13 ,53 ,42 ,42 ,42
14 ,53 ,41 ,41 ,41
15 ,53 ,42 ,42 ,42
16 ,53 ,41 ,41 ,41
17 ,53 ,41 ,41 ,41
18 ,53 ,41 ,41 ,41
19 ,53 ,38 ,38 ,38
20 ,53 ,33 ,33 ,33
21 ,53 ,31 ,31 ,31
22 ,53 ,30 ,30 ,30
23 ,53 ,30 ,30 ,30
24 ,53 ,31 ,31 ,31
25 ,53 ,30 ,30 ,30
26 ,53 ,34 ,34 ,34
27 ,53 ,33 ,33 ,33
28 ,53 ,33 ,33 ,33
29 ,53 ,30 ,30 ,30
30 ,53 ,31 ,31 ,31
31 ,53 ,31 ,31 ,31
32 ,53 ,31 ,31 ,31
33 ,53 ,32 ,32 ,32
34 ,53 ,30 ,30 ,30
35 ,53 ,30 ,30 ,30
36 ,53 ,29 ,29 ,29
37 ,53 ,29 ,29 ,29
38 ,53 ,29 ,29 ,29
39 ,53 ,42 ,42 ,42
40 ,53 ,69 ,69 ,69
41 ,53 ,66 ,66 ,66
42 ,53 ,38 ,38 ,38
43 ,53 ,33 ,33 ,33
44 ,53 ,35 ,35 ,35
45 ,53 ,33 ,33 ,33
46 ,53 ,33 ,33 ,33
47 ,53 ,34 ,34 ,34
48 ,53 ,33 ,33 ,33
49 ,53 ,33 ,33 ,33
50 ,53 ,34 ,34 ,34
51 ,53 ,32 ,32 ,32
52 ,53 ,32 ,32 ,32
53 ,53 ,29 ,29 ,29
54 ,53 ,32 ,32 ,32
55 ,53 ,32 ,32 ,32
56 ,53 ,31 ,31 ,31
57 ,53 ,27 ,27 ,27
58 ,53 ,28 ,28 ,28
59 ,53 ,29 ,29 ,29
60 ,53 ,30 ,30 ,30
61 ,53 ,37 ,37 ,37
62 ,53 ,47 ,47 ,47
63 ,53 ,57 ,57 ,57
64 ,53 ,57 ,57 ,57
65 ,53 ,59 ,59 ,59
66 ,53 ,58 ,58 ,58
67 ,53 ,57 ,57 ,57
68 ,53 ,56 ,56 ,56
69 ,53 ,53 ,53 ,53
70 ,53 ,44 ,44 ,44
71 ,53 ,34 ,34 ,34
72 ,53 ,34 ,34 ,34
73 ,53 ,32 ,32 ,32
74 ,53 ,33 ,33 ,33
75 ,53 ,33 ,33 ,33
76 ,53 ,34 ,34 ,34
0 ,54 ,44 ,44 ,44
1 ,54 ,45 ,45 ,45
2 ,54 ,44 ,44 ,44
3 ,54 ,45 ,45 ,45
4 ,54 ,46 ,46 ,46
5 ,54 ,45 ,45 ,45
6 ,54 ,44 ,44 ,44
7 ,54 ,44 ,44 ,44
8 ,54 ,44 ,44 ,44
9 ,54 ,44 ,44 ,44
10 ,54 ,43 ,43 ,43
11 ,54 ,44 ,44 ,44
12 ,54 ,44 ,44 ,44
13 ,54 ,42 ,42 ,42
14 ,54 ,44 ,44 ,44
15 ,54 ,44 ,44 ,44
16 ,54 ,43 ,43 ,43
17 ,54 ,43 ,43 ,43
18 ,54 ,40 ,40 ,40
19 ,54 ,41 ,41 ,41
20 ,54 ,37 ,37 ,37
21 ,54 ,32 ,32 ,32
22 ,54 ,30 ,30 ,30
23 ,54 ,28 ,28 ,28
24 ,54 ,29 ,29 ,29
25 ,54 ,30 ,30 ,30
26 ,54 ,32 ,32 ,32
27 ,54 ,29 ,29 ,29
28 ,54 ,30 ,30 ,30
29 ,54 ,31 ,31 ,31
30 ,54 ,32 ,32 ,32
31 ,54 ,32 ,32 ,32
32 ,54 ,31 ,31 ,31
33 ,54 ,31 ,31 ,31
34 ,54 ,31 ,31 ,31
35 ,54 ,31 ,31 ,31
36 ,54 ,30 ,30 ,30
37 ,54 ,28 ,28 ,28
38 ,54 ,31 ,31 ,31
39 ,54 ,58 ,58 ,58
40 ,54 ,72 ,72 ,72
41 ,54 ,57 ,57 ,57
42 ,54 ,31 ,31 ,31
43 ,54 ,30 ,30 ,30
44 ,54 ,31 ,31 ,31
45 ,54 ,31 ,31 ,31
46 ,54 ,31 ,31 ,31
47 ,54 ,32 ,32 ,32
48 ,54 ,34 ,34 ,34
49 ,54 ,34 ,34 ,34
50 ,54 ,33 ,33 ,33
51 ,54 ,31 ,31 ,31
52 ,54 ,31 ,31 ,31
53 ,54 ,30 ,30 ,30
54 ,54 ,33 ,33 ,33
55 ,54 ,33 ,33 ,33
56 ,54 ,31 ,31 ,31
57 ,54 ,28 ,28 ,28
58 ,54 ,28 ,28 ,28
59 ,54 ,30 ,30 ,30
60 ,54 ,33 ,33 ,33
61 ,54 ,39 ,39 ,39
62 ,54 ,46 ,46 ,46
63 ,54 ,57 ,57 ,57
64 ,54 ,58 ,58 ,58
65 ,54 ,59 ,59 ,59
66 ,54 ,58 ,58 ,58
67 ,54 ,57 ,57 ,57
68 ,54 ,56 ,56 ,56
69 ,54 ,53 ,53 ,53
70 ,54 ,44 ,44 ,44
71 ,54 ,33 ,33 ,33
72 ,54 ,33 ,33 ,33
73 ,54 ,33 ,33 ,33
74 ,54 ,32 ,32 ,32
75 ,54 ,33 ,33 ,33
76 ,54 ,31 ,31 ,31
0 ,55 ,46 ,46 ,46
1 ,55 ,44 ,44 ,44
2 ,55 ,45 ,45 ,45
3 ,55 ,45 ,45 ,45
4 ,55 ,44 ,44 ,44
5 ,55 ,45 ,45 ,45
6 ,55 ,46 ,46 ,46
7 ,55 ,45 ,45 ,45
8 ,55 ,44 ,44 ,44
9 ,55 ,45 ,45 ,45
10 ,55 ,43 ,43 ,43
11 ,55 ,45 ,45 ,45
12 ,55 ,44 ,44 ,44
13 ,55 ,44 ,44 ,44
14 ,55 ,44 ,44 ,44
15 ,55 ,45 ,45 ,45
16 ,55 ,42 ,42 ,42
17 ,55 ,44 ,44 ,44
18 ,55 ,43 ,43 ,43
19 ,55 ,40 ,40 ,40
20 ,55 ,38 ,38 ,38
21 ,55 ,31 ,31 ,31
22 ,55 ,31 ,31 ,31
23 ,55 ,29 ,29 ,29
24 ,55 ,30 ,30 ,30
25 ,55 ,34 ,34 ,34
26 ,55 ,37 ,37 ,37
27 ,55 ,28 ,28 ,28
28 ,55 ,31 ,31 ,31
29 ,55 ,32 ,32 ,32
30 ,55 ,33 ,33 ,33
31 ,55 ,33 ,33 ,33
32 ,55 ,30 ,30 ,30
33 ,55 ,32 ,32 ,32
34 ,55 ,31 ,31 ,31
35 ,55 ,32 ,32 ,32
36 ,55 ,31 ,31 ,31
37 ,55 ,28 ,28 ,28
38 ,55 ,39 ,39 ,39
39 ,55 ,67 ,67 ,67
40 ,55 ,68 ,68 ,68
41 ,55 ,41 ,41 ,41
42 ,55 ,31 ,31 ,31
43 ,55 ,29 ,29 ,29
44 ,55 ,28 ,28 ,28
45 ,55 ,28 ,28 ,28
46 ,55 ,29 ,29 ,29
47 ,55 ,31 ,31 ,31
48 ,55 ,33 ,33 ,33
49 ,55 ,34 ,34 ,34
50 ,55 ,33 ,33 ,33
51 ,55 ,31 ,31 ,31
52 ,55 ,30 ,30 ,30
53 ,55 ,31 ,31 ,31
54 ,55 ,34 ,34 ,34
55 ,55 ,32 ,32 ,32
56 ,55 ,31 ,31 ,31
57 ,55 ,29 ,29 ,29
58 ,55 ,28 ,28 ,28
59 ,55 ,31 ,31 ,31
60 ,55 ,32 ,32 ,32
61 ,55 ,39 ,39 ,39
62 ,55 ,49 ,49 ,49
63 ,55 ,57 ,57 ,57
64 ,55 ,58 ,58 ,58
65 ,55 ,58 ,58 ,58
66 ,55 ,58 ,58 ,58
67 ,55 ,57 ,57 ,57
68 ,55 ,56 ,56 ,56
69 ,55 ,53 ,53 ,53
70 ,55 ,43 ,43 ,43
71 ,55 ,34 ,34 ,34
72 ,55 ,32 ,32 ,32
73 ,55 ,33 ,33 ,33
74 ,55 ,34 ,34 ,34
75 ,55 ,31 ,31 ,31
76 ,55 ,32 ,32 ,32
0 ,56 ,46 ,46 ,46
1 ,56 ,45 ,45 ,45
2 ,56 ,46 ,46 ,46
3 ,56 ,46 ,46 ,46
4 ,56 ,46 ,46 ,46
5 ,56 ,45 ,45 ,45
6 ,56 ,42 ,42 ,42
7 ,56 ,45 ,45 ,45
8 ,56 ,42 ,42 ,42
9 ,56 ,46 ,46 ,46
10 ,56 ,44 ,44 ,44
11 ,56 ,42 ,42 ,42
12 ,56 ,44 ,44 ,44
13 ,56 ,43 ,43 ,43
14 ,56 ,43 ,43 ,43
15 ,56 ,44 ,44 ,44
16 ,56 ,43 ,43 ,43
17 ,56 ,42 ,42 ,42
18 ,56 ,42 ,42 ,42
19 ,56 ,40 ,40 ,40
20 ,56 ,37 ,37 ,37
21 ,56 ,33 ,33 ,33
22 ,56 ,30 ,30 ,30
23 ,56 ,29 ,29 ,29
24 ,56 ,28 ,28 ,28
25 ,56 ,33 ,33 ,33
26 ,56 ,32 ,32 ,32
27 ,56 ,29 ,29 ,29
28 ,56 ,32 ,32 ,32
29 ,56 ,33 ,33 ,33
30 ,56 ,35 ,35 ,35
31 ,56 ,33 ,33 ,33
32 ,56 ,33 ,33 ,33
33 ,56 ,32 ,32 ,32
34 ,56 ,32 ,32 ,32
35 ,56 ,32 ,32 ,32
36 ,56 ,29 ,29 ,29
37 ,56 ,30 ,30 ,30
38 ,56 ,51 ,51 ,51
39 ,56 ,67 ,67 ,67
40 ,56 ,60 ,60 ,60
41 ,56 ,37 ,37 ,37
42 ,56 ,31 ,31 ,31
43 ,56 ,29 ,29 ,29
44 ,56 ,28 ,28 ,28
45 ,56 ,27 ,27 ,27
46 ,56 ,27 ,27 ,27
47 ,56 ,32 ,32 ,32
48 ,56 ,33 ,33 ,33
49 ,56 ,34 ,34 ,34
50 ,56 ,33 ,33 ,33
51 ,56 ,31 ,31 ,31
52 ,56 ,28 ,28 ,28
53 ,56 ,32 ,32 ,32
54 ,56 ,33 ,33 ,33
55 ,56 ,32 ,32 ,32
56 ,56 ,31 ,31 ,31
57 ,56 ,28 ,28 ,28
58 ,56 ,28 ,28 ,28
59 ,56 ,29 ,29 ,29
60 ,56 ,33 ,33 ,33
61 ,56 ,38 ,38 ,38
62 ,56 ,49 ,49 ,49
63 ,56 ,58 ,58 ,58
64 ,56 ,57 ,57 ,57
65 ,56 ,57 ,57 ,57
66 ,56 ,58 ,58 ,58
67 ,56 ,57 ,57 ,57
68 ,56 ,56 ,56 ,56
69 ,56 ,53 ,53 ,53
70 ,56 ,43 ,43 ,43
71 ,56 ,34 ,34 ,34
72 ,56 ,34 ,34 ,34
73 ,56 ,33 ,33 ,33
74 ,56 ,33 ,33 ,33
75 ,56 ,33 ,33 ,33
76 ,56 ,33 ,33 ,33
0 ,57 ,45 ,45 ,45
1 ,57 ,46 ,46 ,46
2 ,57 ,45 ,45 ,45
3 ,57 ,46 ,46 ,46
4 ,57 ,44 ,44 ,44
5 ,57 ,44 ,44 ,44
6 ,57 ,45 ,45 ,45
7 ,57 ,44 ,44 ,44
8 ,57 ,43 ,43 ,43
9 ,57 ,44 ,44 ,44
10 ,57 ,44 ,44 ,44
11 ,57 ,43 ,43 ,43
12 ,57 ,42 ,42 ,42
13 ,57 ,43 ,43 ,43
14 ,57 ,43 ,43 ,43
15 ,57 ,44 ,44 ,44
16 ,57 ,43 ,43 ,43
17 ,57 ,42 ,42 ,42
18 ,57 ,42 ,42 ,42
19 ,57 ,40 ,40 ,40
20 ,57 ,38 ,38 ,38
21 ,57 ,34 ,34 ,34
22 ,57 ,30 ,30 ,30
23 ,57 ,31 ,31 ,31
24 ,57 ,31 ,31 ,31
25 ,57 ,36 ,36 ,36
26 ,57 ,37 ,37 ,37
27 ,57 ,37 ,37 ,37
28 ,57 ,33 ,33 ,33
29 ,57 ,31 ,31 ,31
30 ,57 ,34 ,34 ,34
31 ,57 ,32 ,32 ,32
32 ,57 ,34 ,34 ,34
33 ,57 ,33 ,33 ,33
34 ,57 ,31 ,31 ,31
35 ,57 ,30 ,30 ,30
36 ,57 ,28 ,28 ,28
37 ,57 ,33 ,33 ,33
38 ,57 ,62 ,62 ,62
39 ,57 ,67 ,67 ,67
40 ,57 ,46 ,46 ,46
41 ,57 ,30 ,30 ,30
42 ,57 ,31 ,31 ,31
43 ,57 ,29 ,29 ,29
44 ,57 ,28 ,28 ,28
45 ,57 ,27 ,27 ,27
46 ,57 ,27 ,27 ,27
47 ,57 ,34 ,34 ,34
48 ,57 ,34 ,34 ,34
49 ,57 ,34 ,34 ,34
50 ,57 ,34 ,34 ,34
51 ,57 ,32 ,32 ,32
52 ,57 ,29 ,29 ,29
53 ,57 ,31 ,31 ,31
54 ,57 ,33 ,33 ,33
55 ,57 ,32 ,32 ,32
56 ,57 ,32 ,32 ,32
57 ,57 ,28 ,28 ,28
58 ,57 ,29 ,29 ,29
59 ,57 ,31 ,31 ,31
60 ,57 ,34 ,34 ,34
61 ,57 ,37 ,37 ,37
62 ,57 ,50 ,50 ,50
63 ,57 ,56 ,56 ,56
64 ,57 ,58 ,58 ,58
65 ,57 ,56 ,56 ,56
66 ,57 ,58 ,58 ,58
67 ,57 ,56 ,56 ,56
68 ,57 ,55 ,55 ,55
69 ,57 ,53 ,53 ,53
70 ,57 ,44 ,44 ,44
71 ,57 ,33 ,33 ,33
72 ,57 ,33 ,33 ,33
73 ,57 ,34 ,34 ,34
74 ,57 ,33 ,33 ,33
75 ,57 ,32 ,32 ,32
76 ,57 ,33 ,33 ,33
